# Blender 4.4.1
# www.blender.org
mtllib goal.mtl
o 球
v 0.000000 1.497779 -0.143532
v 0.000000 1.424696 -0.214810
v 0.000000 1.329207 -0.253386
v 0.000000 1.277530 -0.258350
v 0.000000 1.225852 -0.253386
v 0.000000 1.130364 -0.214810
v 0.009082 1.537332 -0.049433
v 0.017816 1.522258 -0.096967
v 0.025865 1.497779 -0.140774
v 0.032919 1.464836 -0.179171
v 0.038709 1.424696 -0.210683
v 0.043011 1.378899 -0.234098
v 0.045661 1.329207 -0.248517
v 0.046555 1.277530 -0.253386
v 0.045661 1.225852 -0.248517
v 0.043011 1.176160 -0.234098
v 0.038709 1.130364 -0.210683
v 0.032919 1.090223 -0.179171
v 0.025865 1.057280 -0.140774
v 0.017816 1.032802 -0.096967
v 0.009082 1.017728 -0.049433
v 0.017816 1.537332 -0.046565
v 0.034947 1.522258 -0.091341
v 0.050735 1.497779 -0.132606
v 0.064574 1.464836 -0.168775
v 0.075931 1.424696 -0.198459
v 0.084370 1.378899 -0.220516
v 0.089567 1.329207 -0.234098
v 0.091321 1.277530 -0.238684
v 0.089567 1.225852 -0.234098
v 0.084370 1.176160 -0.220516
v 0.075931 1.130364 -0.198459
v 0.064574 1.090223 -0.168775
v 0.050735 1.057280 -0.132606
v 0.034947 1.032802 -0.091341
v 0.017816 1.017728 -0.046565
v 0.025865 1.537332 -0.041907
v 0.050735 1.522258 -0.082204
v 0.073656 1.497779 -0.119342
v 0.093747 1.464836 -0.151894
v 0.110235 1.424696 -0.178608
v 0.122486 1.378899 -0.198459
v 0.130030 1.329207 -0.210683
v 0.132578 1.277530 -0.214810
v 0.130030 1.225852 -0.210683
v 0.122486 1.176160 -0.198459
v 0.110235 1.130364 -0.178608
v 0.093747 1.090223 -0.151894
v 0.073656 1.057280 -0.119342
v 0.050735 1.032802 -0.082204
v 0.025865 1.017728 -0.041907
v 0.032919 1.537332 -0.035639
v 0.064574 1.522258 -0.069909
v 0.093747 1.497779 -0.101492
v 0.119317 1.464836 -0.129175
v 0.140302 1.424696 -0.151894
v 0.155895 1.378899 -0.168775
v 0.165497 1.329207 -0.179171
v 0.168740 1.277530 -0.182681
v 0.165497 1.225852 -0.179171
v 0.155895 1.176160 -0.168775
v 0.140302 1.130364 -0.151894
v 0.119317 1.090223 -0.129175
v 0.093747 1.057280 -0.101492
v 0.064574 1.032802 -0.069909
v 0.032919 1.017728 -0.035639
v 0.038709 1.537332 -0.028002
v 0.075931 1.522258 -0.054927
v 0.110235 1.497779 -0.079742
v 0.140302 1.464836 -0.101492
v 0.164978 1.424696 -0.119342
v 0.183313 1.378899 -0.132606
v 0.194604 1.329207 -0.140774
v 0.198417 1.277530 -0.143532
v 0.194604 1.225852 -0.140774
v 0.183313 1.176160 -0.132606
v 0.164978 1.130364 -0.119342
v 0.140302 1.090223 -0.101492
v 0.110235 1.057280 -0.079742
v 0.075931 1.032802 -0.054927
v 0.038709 1.017728 -0.028002
v 0.000000 1.542421 0.000000
v 0.043011 1.537332 -0.019288
v 0.084370 1.522258 -0.037834
v 0.122486 1.497779 -0.054927
v 0.155895 1.464836 -0.069909
v 0.183313 1.424696 -0.082204
v 0.203687 1.378899 -0.091341
v 0.216233 1.329207 -0.096967
v 0.220469 1.277530 -0.098866
v 0.216233 1.225852 -0.096967
v 0.203687 1.176160 -0.091341
v 0.183313 1.130364 -0.082204
v 0.155895 1.090223 -0.069909
v 0.122486 1.057280 -0.054927
v 0.084370 1.032802 -0.037834
v 0.043011 1.017728 -0.019288
v 0.045661 1.537332 -0.009833
v 0.089567 1.522258 -0.019288
v 0.130030 1.497779 -0.028002
v 0.165497 1.464836 -0.035639
v 0.194604 1.424696 -0.041907
v 0.216233 1.378899 -0.046565
v 0.229551 1.329207 -0.049433
v 0.234049 1.277530 -0.050402
v 0.229551 1.225852 -0.049433
v 0.216233 1.176160 -0.046565
v 0.194604 1.130364 -0.041907
v 0.165497 1.090223 -0.035639
v 0.130030 1.057280 -0.028002
v 0.089567 1.032802 -0.019288
v 0.045661 1.017728 -0.009833
v 0.046555 1.537332 0.000000
v 0.091321 1.522258 0.000000
v 0.132578 1.497779 0.000000
v 0.168740 1.464836 -0.000000
v 0.198417 1.424696 0.000000
v 0.220469 1.378899 -0.000000
v 0.234049 1.329207 0.000000
v 0.238634 1.277530 0.000000
v 0.234049 1.225852 0.000000
v 0.220469 1.176160 -0.000000
v 0.198417 1.130364 0.000000
v 0.168740 1.090223 -0.000000
v 0.132578 1.057280 0.000000
v 0.091321 1.032802 0.000000
v 0.046555 1.017728 0.000000
v 0.045661 1.537332 0.009833
v 0.089567 1.522258 0.019288
v 0.130030 1.497779 0.028002
v 0.165497 1.464836 0.035639
v 0.194604 1.424696 0.041907
v 0.216233 1.378899 0.046565
v 0.229551 1.329207 0.049433
v 0.234049 1.277530 0.050402
v 0.229551 1.225852 0.049433
v 0.216233 1.176160 0.046565
v 0.194604 1.130364 0.041907
v 0.165497 1.090223 0.035639
v 0.130030 1.057280 0.028002
v 0.089567 1.032802 0.019288
v 0.045661 1.017728 0.009833
v 0.043011 1.537332 0.019288
v 0.084370 1.522258 0.037834
v 0.122486 1.497779 0.054927
v 0.155895 1.464836 0.069909
v 0.183313 1.424696 0.082204
v 0.203687 1.378899 0.091341
v 0.216233 1.329207 0.096967
v 0.220469 1.277530 0.098866
v 0.216233 1.225852 0.096967
v 0.203687 1.176160 0.091341
v 0.183313 1.130364 0.082204
v 0.155895 1.090223 0.069909
v 0.122486 1.057280 0.054927
v 0.084370 1.032802 0.037834
v 0.043011 1.017728 0.019288
v 0.038709 1.537332 0.028002
v 0.075931 1.522258 0.054927
v 0.110234 1.497779 0.079742
v 0.140302 1.464836 0.101492
v 0.164978 1.424696 0.119342
v 0.183313 1.378899 0.132606
v 0.194604 1.329207 0.140774
v 0.198417 1.277530 0.143532
v 0.194604 1.225852 0.140774
v 0.183313 1.176160 0.132606
v 0.164978 1.130364 0.119342
v 0.140302 1.090223 0.101492
v 0.110234 1.057280 0.079742
v 0.075931 1.032802 0.054927
v 0.038709 1.017728 0.028002
v 0.032919 1.537332 0.035639
v 0.064574 1.522258 0.069909
v 0.093747 1.497779 0.101492
v 0.119317 1.464836 0.129175
v 0.140302 1.424696 0.151894
v 0.155895 1.378899 0.168775
v 0.165497 1.329207 0.179171
v 0.168740 1.277530 0.182681
v 0.165497 1.225852 0.179171
v 0.155895 1.176160 0.168775
v 0.140302 1.130364 0.151894
v 0.119317 1.090223 0.129175
v 0.093747 1.057280 0.101492
v 0.064574 1.032802 0.069909
v 0.032919 1.017728 0.035639
v 0.025865 1.537332 0.041907
v 0.050735 1.522258 0.082204
v 0.073656 1.497779 0.119342
v 0.093747 1.464836 0.151894
v 0.110234 1.424696 0.178608
v 0.122486 1.378899 0.198459
v 0.130030 1.329207 0.210683
v 0.132578 1.277530 0.214810
v 0.130030 1.225852 0.210683
v 0.122486 1.176160 0.198459
v 0.110234 1.130364 0.178608
v 0.093747 1.090223 0.151894
v 0.073656 1.057280 0.119342
v 0.050735 1.032802 0.082204
v 0.025865 1.017728 0.041907
v 0.017816 1.537332 0.046565
v 0.034947 1.522258 0.091341
v 0.050735 1.497779 0.132606
v 0.064574 1.464836 0.168775
v 0.075931 1.424696 0.198459
v 0.084370 1.378899 0.220516
v 0.089567 1.329207 0.234098
v 0.091321 1.277530 0.238684
v 0.089567 1.225852 0.234098
v 0.084370 1.176160 0.220516
v 0.075931 1.130364 0.198459
v 0.064574 1.090223 0.168775
v 0.050735 1.057280 0.132606
v 0.034947 1.032802 0.091341
v 0.017816 1.017728 0.046565
v 0.009082 1.537332 0.049433
v 0.017816 1.522258 0.096967
v 0.025865 1.497779 0.140774
v 0.032919 1.464836 0.179171
v 0.038709 1.424696 0.210683
v 0.043011 1.378899 0.234098
v 0.045661 1.329207 0.248517
v 0.046555 1.277530 0.253386
v 0.045661 1.225852 0.248517
v 0.043011 1.176160 0.234098
v 0.038709 1.130364 0.210683
v 0.032919 1.090223 0.179171
v 0.025865 1.057280 0.140774
v 0.017816 1.032802 0.096967
v 0.009082 1.017728 0.049433
v -0.000000 1.537332 0.050402
v -0.000000 1.522258 0.098866
v -0.000000 1.497779 0.143532
v -0.000000 1.464836 0.182681
v -0.000000 1.424696 0.214810
v 0.000000 1.378899 0.238684
v -0.000000 1.329207 0.253386
v -0.000000 1.277530 0.258350
v -0.000000 1.225852 0.253386
v 0.000000 1.176160 0.238684
v -0.000000 1.130364 0.214810
v -0.000000 1.090223 0.182681
v -0.000000 1.057280 0.143532
v -0.000000 1.032802 0.098866
v -0.000000 1.017728 0.050402
v -0.009082 1.537332 0.049433
v -0.017816 1.522258 0.096967
v -0.025865 1.497779 0.140774
v -0.032919 1.464836 0.179171
v -0.038709 1.424696 0.210683
v -0.043011 1.378899 0.234098
v -0.045661 1.329207 0.248517
v -0.046555 1.277530 0.253386
v -0.045661 1.225852 0.248517
v -0.043011 1.176160 0.234098
v -0.038709 1.130364 0.210683
v -0.032919 1.090223 0.179171
v -0.025865 1.057280 0.140774
v -0.017816 1.032802 0.096967
v -0.009082 1.017728 0.049433
v -0.017816 1.537332 0.046565
v -0.034947 1.522258 0.091341
v -0.050735 1.497779 0.132606
v -0.064574 1.464836 0.168775
v -0.075931 1.424696 0.198459
v -0.084370 1.378899 0.220516
v -0.089567 1.329207 0.234098
v -0.091321 1.277530 0.238684
v -0.089567 1.225852 0.234098
v -0.084370 1.176160 0.220516
v -0.075931 1.130364 0.198459
v -0.064574 1.090223 0.168775
v -0.050735 1.057280 0.132606
v -0.034947 1.032802 0.091341
v -0.017816 1.017728 0.046565
v -0.025865 1.537332 0.041907
v -0.050735 1.522258 0.082204
v -0.073656 1.497779 0.119342
v -0.093747 1.464836 0.151894
v -0.110234 1.424696 0.178608
v -0.122486 1.378899 0.198459
v -0.130030 1.329207 0.210683
v -0.132578 1.277530 0.214810
v -0.130030 1.225852 0.210683
v -0.122486 1.176160 0.198459
v -0.110234 1.130364 0.178608
v -0.093747 1.090223 0.151894
v -0.073656 1.057280 0.119342
v -0.050735 1.032802 0.082204
v -0.025865 1.017728 0.041907
v -0.032919 1.537332 0.035639
v -0.064574 1.522258 0.069909
v -0.093747 1.497779 0.101492
v -0.119317 1.464836 0.129175
v -0.140302 1.424696 0.151894
v -0.155895 1.378899 0.168775
v -0.165497 1.329207 0.179171
v -0.168740 1.277530 0.182681
v -0.165497 1.225852 0.179171
v -0.155895 1.176160 0.168775
v -0.140302 1.130364 0.151894
v -0.119317 1.090223 0.129175
v -0.093747 1.057280 0.101492
v -0.064574 1.032802 0.069909
v -0.032919 1.017728 0.035639
v 0.000000 1.012638 0.000000
v -0.038709 1.537332 0.028002
v -0.075931 1.522258 0.054927
v -0.110234 1.497779 0.079742
v -0.140302 1.464836 0.101492
v -0.164978 1.424696 0.119342
v -0.183313 1.378899 0.132606
v -0.194604 1.329207 0.140774
v -0.198417 1.277530 0.143531
v -0.194604 1.225852 0.140774
v -0.183313 1.176160 0.132606
v -0.164978 1.130364 0.119342
v -0.140302 1.090223 0.101492
v -0.110234 1.057280 0.079742
v -0.075931 1.032802 0.054927
v -0.038709 1.017728 0.028002
v -0.043011 1.537332 0.019288
v -0.084370 1.522258 0.037834
v -0.122486 1.497779 0.054927
v -0.155895 1.464836 0.069909
v -0.183313 1.424696 0.082204
v -0.203687 1.378899 0.091341
v -0.216233 1.329207 0.096967
v -0.220469 1.277530 0.098866
v -0.216233 1.225852 0.096967
v -0.203687 1.176160 0.091341
v -0.183313 1.130364 0.082204
v -0.155895 1.090223 0.069909
v -0.122486 1.057280 0.054927
v -0.084370 1.032802 0.037834
v -0.043011 1.017728 0.019288
v -0.045661 1.537332 0.009833
v -0.089567 1.522258 0.019288
v -0.130030 1.497779 0.028002
v -0.165497 1.464836 0.035639
v -0.194604 1.424696 0.041907
v -0.216233 1.378899 0.046565
v -0.229551 1.329207 0.049433
v -0.234049 1.277530 0.050401
v -0.229551 1.225852 0.049433
v -0.216233 1.176160 0.046565
v -0.194604 1.130364 0.041907
v -0.165497 1.090223 0.035639
v -0.130030 1.057280 0.028002
v -0.089567 1.032802 0.019288
v -0.045661 1.017728 0.009833
v -0.046555 1.537332 -0.000000
v -0.091321 1.522258 -0.000000
v -0.132578 1.497779 -0.000000
v -0.168740 1.464836 -0.000000
v -0.198417 1.424696 -0.000000
v -0.220469 1.378899 -0.000000
v -0.234049 1.329207 -0.000000
v -0.238634 1.277530 -0.000000
v -0.234049 1.225852 -0.000000
v -0.220469 1.176160 -0.000000
v -0.198417 1.130364 -0.000000
v -0.168740 1.090223 -0.000000
v -0.132578 1.057280 -0.000000
v -0.091321 1.032802 -0.000000
v -0.046555 1.017728 -0.000000
v -0.045661 1.537332 -0.009833
v -0.089567 1.522258 -0.019288
v -0.130030 1.497779 -0.028002
v -0.165497 1.464836 -0.035639
v -0.194604 1.424696 -0.041907
v -0.216233 1.378899 -0.046565
v -0.229551 1.329207 -0.049433
v -0.234048 1.277530 -0.050402
v -0.229551 1.225852 -0.049433
v -0.216233 1.176160 -0.046565
v -0.194604 1.130364 -0.041907
v -0.165497 1.090223 -0.035639
v -0.130030 1.057280 -0.028002
v -0.089567 1.032802 -0.019288
v -0.045661 1.017728 -0.009833
v -0.043011 1.537332 -0.019288
v -0.084370 1.522258 -0.037834
v -0.122486 1.497779 -0.054927
v -0.155895 1.464836 -0.069909
v -0.183313 1.424696 -0.082204
v -0.203687 1.378899 -0.091341
v -0.216233 1.329207 -0.096967
v -0.220469 1.277530 -0.098866
v -0.216233 1.225852 -0.096967
v -0.203687 1.176160 -0.091341
v -0.183313 1.130364 -0.082204
v -0.155895 1.090223 -0.069909
v -0.122486 1.057280 -0.054927
v -0.084370 1.032802 -0.037834
v -0.043011 1.017728 -0.019288
v -0.038709 1.537332 -0.028002
v -0.075931 1.522258 -0.054927
v -0.110234 1.497779 -0.079742
v -0.140302 1.464836 -0.101492
v -0.164978 1.424696 -0.119342
v -0.183313 1.378899 -0.132606
v -0.194604 1.329207 -0.140774
v -0.198417 1.277530 -0.143532
v -0.194604 1.225852 -0.140774
v -0.183313 1.176160 -0.132606
v -0.164978 1.130364 -0.119342
v -0.140302 1.090223 -0.101492
v -0.110234 1.057280 -0.079742
v -0.075931 1.032802 -0.054927
v -0.038709 1.017728 -0.028002
v -0.032919 1.537332 -0.035639
v -0.064574 1.522258 -0.069909
v -0.093747 1.497779 -0.101492
v -0.119317 1.464836 -0.129175
v -0.140302 1.424696 -0.151894
v -0.155895 1.378899 -0.168775
v -0.165497 1.329207 -0.179171
v -0.168739 1.277530 -0.182681
v -0.165497 1.225852 -0.179171
v -0.155895 1.176160 -0.168775
v -0.140302 1.130364 -0.151894
v -0.119317 1.090223 -0.129175
v -0.093747 1.057280 -0.101492
v -0.064574 1.032802 -0.069909
v -0.032919 1.017728 -0.035639
v -0.025865 1.537332 -0.041907
v -0.050735 1.522258 -0.082204
v -0.073656 1.497779 -0.119342
v -0.093747 1.464836 -0.151894
v -0.110234 1.424696 -0.178608
v -0.122486 1.378899 -0.198459
v -0.130030 1.329207 -0.210683
v -0.132578 1.277530 -0.214810
v -0.130030 1.225852 -0.210683
v -0.122486 1.176160 -0.198459
v -0.110234 1.130364 -0.178608
v -0.093747 1.090223 -0.151894
v -0.073656 1.057280 -0.119342
v -0.050735 1.032802 -0.082204
v -0.025865 1.017728 -0.041907
v -0.017816 1.537332 -0.046565
v -0.034947 1.522258 -0.091341
v -0.050735 1.497779 -0.132606
v -0.064574 1.464836 -0.168775
v -0.075931 1.424696 -0.198459
v -0.084370 1.378899 -0.220516
v -0.089566 1.329207 -0.234098
v -0.091321 1.277530 -0.238684
v -0.089566 1.225852 -0.234098
v -0.084370 1.176160 -0.220516
v -0.075931 1.130364 -0.198459
v -0.064574 1.090223 -0.168775
v -0.050735 1.057280 -0.132606
v -0.034947 1.032802 -0.091341
v -0.017816 1.017728 -0.046565
v -0.009082 1.537332 -0.049433
v -0.017816 1.522258 -0.096967
v -0.025865 1.497779 -0.140774
v -0.032919 1.464836 -0.179171
v -0.038709 1.424696 -0.210683
v -0.043011 1.378899 -0.234098
v -0.045661 1.329207 -0.248517
v -0.046555 1.277530 -0.253386
v -0.045661 1.225852 -0.248517
v -0.043011 1.176160 -0.234098
v -0.038709 1.130364 -0.210683
v -0.032919 1.090223 -0.179171
v -0.025865 1.057280 -0.140774
v -0.017816 1.032802 -0.096967
v -0.009082 1.017728 -0.049433
v 0.000000 1.537332 -0.050402
v 0.000000 1.522258 -0.098866
v 0.000000 1.464836 -0.182681
v 0.000000 1.378899 -0.238684
v 0.000000 1.176160 -0.238684
v 0.000000 1.090223 -0.182681
v 0.000000 1.057280 -0.143531
v 0.000000 1.032802 -0.098866
v 0.000000 1.017728 -0.050402
v -0.055625 0.727921 -1.059793
v -0.021650 0.333832 0.109699
v -0.026052 1.126111 0.108309
v 0.072869 0.727921 -1.059793
v 0.038894 0.333832 0.109699
v 0.043296 1.126111 0.108309
v -0.000161 -0.029882 -0.274131
v -0.000161 -0.167832 -0.411798
v -0.000161 -0.348072 -0.486303
v -0.000161 -0.445617 -0.495891
v 0.018869 0.044776 -0.092389
v 0.037168 0.016323 -0.184195
v 0.054032 -0.029882 -0.268804
v 0.068814 -0.092063 -0.342965
v 0.080945 -0.167832 -0.403826
v 0.089959 -0.254275 -0.449051
v 0.095510 -0.348072 -0.476900
v 0.097384 -0.445617 -0.486303
v 0.037168 0.044776 -0.086850
v 0.073062 0.016323 -0.173329
v 0.106143 -0.029882 -0.253029
v 0.135138 -0.092063 -0.322887
v 0.158934 -0.167832 -0.380217
v 0.176615 -0.254275 -0.422818
v 0.187504 -0.348072 -0.449051
v 0.191181 -0.445617 -0.457909
v 0.054032 0.044776 -0.077854
v 0.106143 0.016323 -0.155684
v 0.154168 -0.029882 -0.227412
v 0.196263 -0.092063 -0.290282
v 0.230809 -0.167832 -0.341878
v 0.256479 -0.254275 -0.380217
v 0.272286 -0.348072 -0.403826
v 0.277624 -0.445617 -0.411798
v 0.068814 0.044776 -0.065748
v 0.135138 0.016323 -0.131936
v 0.196263 -0.029882 -0.192936
v 0.249839 -0.092063 -0.246403
v 0.293808 -0.167832 -0.290282
v 0.326479 -0.254275 -0.322887
v 0.346599 -0.348072 -0.342965
v 0.353392 -0.445617 -0.349744
v 0.080945 0.044776 -0.050997
v 0.158934 0.016323 -0.103001
v 0.230809 -0.029882 -0.150928
v 0.293808 -0.092063 -0.192936
v 0.345510 -0.167832 -0.227411
v 0.383928 -0.254275 -0.253029
v 0.407585 -0.348072 -0.268804
v 0.415574 -0.445617 -0.274131
v -0.000161 0.054383 0.003086
v 0.089959 0.044776 -0.034167
v 0.176615 0.016323 -0.069988
v 0.256479 -0.029882 -0.103001
v 0.326480 -0.092063 -0.131936
v 0.383928 -0.167832 -0.155683
v 0.426615 -0.254275 -0.173329
v 0.452902 -0.348072 -0.184195
v 0.461778 -0.445617 -0.187864
v 0.095510 0.044776 -0.015906
v 0.187504 0.016323 -0.034167
v 0.272286 -0.029882 -0.050997
v 0.346599 -0.092063 -0.065748
v 0.407585 -0.167832 -0.077854
v 0.452902 -0.254275 -0.086850
v 0.480809 -0.348072 -0.092389
v 0.490231 -0.445617 -0.094260
v 0.097384 0.044776 0.003086
v 0.191181 0.016323 0.003086
v 0.277624 -0.029882 0.003086
v 0.353392 -0.092063 0.003086
v 0.415574 -0.167832 0.003086
v 0.461779 -0.254275 0.003086
v 0.490231 -0.348072 0.003086
v 0.499839 -0.445617 0.003086
v 0.095510 0.044776 0.022077
v 0.187504 0.016323 0.040338
v 0.272286 -0.029882 0.057168
v 0.346599 -0.092063 0.071919
v 0.407585 -0.167832 0.084026
v 0.452902 -0.254275 0.093021
v 0.480809 -0.348072 0.098561
v 0.490231 -0.445617 0.100431
v 0.089959 0.044776 0.040338
v 0.176615 0.016323 0.076159
v 0.256479 -0.029882 0.109172
v 0.326479 -0.092063 0.138108
v 0.383928 -0.167832 0.161855
v 0.426615 -0.254275 0.179500
v 0.452902 -0.348072 0.190367
v 0.461778 -0.445617 0.194036
v 0.080945 0.044776 0.057168
v 0.158934 0.016323 0.109172
v 0.230809 -0.029882 0.157099
v 0.293808 -0.092063 0.199107
v 0.345510 -0.167832 0.233583
v 0.383928 -0.254275 0.259200
v 0.407585 -0.348072 0.274976
v 0.415573 -0.445617 0.280302
v 0.068814 0.044776 0.071919
v 0.135138 0.016323 0.138108
v 0.196262 -0.029882 0.199107
v 0.249839 -0.092063 0.252574
v 0.293808 -0.167832 0.296453
v 0.326479 -0.254275 0.329058
v 0.346599 -0.348072 0.349136
v 0.353392 -0.445617 0.355915
v 0.054032 0.044776 0.084025
v 0.106143 0.016323 0.161855
v 0.154168 -0.029882 0.233583
v 0.196263 -0.092063 0.296453
v 0.230809 -0.167832 0.348049
v 0.256479 -0.254275 0.386388
v 0.272286 -0.348072 0.409998
v 0.277624 -0.445617 0.417969
v 0.037168 0.044776 0.093021
v 0.073062 0.016323 0.179501
v 0.106142 -0.029882 0.259200
v 0.135138 -0.092063 0.329058
v 0.158934 -0.167832 0.386388
v 0.176615 -0.254275 0.428989
v 0.187504 -0.348072 0.455222
v 0.191180 -0.445617 0.464080
v 0.018869 0.044776 0.098561
v 0.037168 0.016323 0.190367
v 0.054032 -0.029882 0.274975
v 0.068814 -0.092063 0.349136
v 0.080945 -0.167832 0.409998
v 0.089959 -0.254275 0.455222
v 0.095510 -0.348072 0.483071
v 0.097384 -0.445617 0.492474
v -0.000161 0.044776 0.100431
v -0.000161 0.016323 0.194036
v -0.000161 -0.029882 0.280302
v -0.000161 -0.092063 0.355915
v -0.000161 -0.167832 0.417969
v -0.000161 -0.254275 0.464080
v -0.000161 -0.348072 0.492474
v -0.000161 -0.445617 0.502062
v -0.019191 0.044776 0.098561
v -0.037490 0.016323 0.190367
v -0.054354 -0.029882 0.274975
v -0.069136 -0.092063 0.349136
v -0.081267 -0.167832 0.409998
v -0.090281 -0.254275 0.455222
v -0.095832 -0.348072 0.483071
v -0.097706 -0.445617 0.492474
v -0.037490 0.044776 0.093021
v -0.073385 0.016323 0.179500
v -0.106465 -0.029882 0.259200
v -0.135460 -0.092063 0.329058
v -0.159256 -0.167832 0.386388
v -0.176938 -0.254275 0.428989
v -0.187826 -0.348072 0.455222
v -0.191503 -0.445617 0.464080
v -0.054354 0.044776 0.084025
v -0.106465 0.016323 0.161855
v -0.154490 -0.029882 0.233583
v -0.196585 -0.092063 0.296453
v -0.231131 -0.167832 0.348049
v -0.256801 -0.254275 0.386388
v -0.272609 -0.348072 0.409997
v -0.277946 -0.445617 0.417969
v -0.069136 0.044776 0.071919
v -0.135460 0.016323 0.138108
v -0.196585 -0.029882 0.199107
v -0.250161 -0.092063 0.252574
v -0.294130 -0.167832 0.296453
v -0.326802 -0.254275 0.329058
v -0.346921 -0.348072 0.349136
v -0.353714 -0.445617 0.355915
v -0.081267 0.044776 0.057168
v -0.159256 0.016323 0.109172
v -0.231131 -0.029882 0.157099
v -0.294130 -0.092063 0.199107
v -0.345832 -0.167832 0.233583
v -0.384250 -0.254275 0.259200
v -0.407908 -0.348072 0.274975
v -0.415896 -0.445617 0.280302
v -0.090281 0.044776 0.040338
v -0.176938 0.016323 0.076159
v -0.256801 -0.029882 0.109172
v -0.326802 -0.092063 0.138108
v -0.384250 -0.167832 0.161855
v -0.426938 -0.254275 0.179500
v -0.453225 -0.348072 0.190366
v -0.462101 -0.445617 0.194035
v -0.095832 0.044776 0.022077
v -0.187826 0.016323 0.040338
v -0.272609 -0.029882 0.057168
v -0.346921 -0.092063 0.071919
v -0.407908 -0.167832 0.084025
v -0.453225 -0.254275 0.093021
v -0.481131 -0.348072 0.098561
v -0.490553 -0.445617 0.100431
v -0.097706 0.044776 0.003086
v -0.191503 0.016323 0.003086
v -0.277946 -0.029882 0.003086
v -0.353715 -0.092063 0.003086
v -0.415896 -0.167832 0.003086
v -0.462101 -0.254275 0.003086
v -0.490554 -0.348072 0.003086
v -0.500161 -0.445617 0.003085
v -0.095832 0.044776 -0.015906
v -0.187826 0.016323 -0.034167
v -0.272609 -0.029882 -0.050997
v -0.346921 -0.092063 -0.065748
v -0.407908 -0.167832 -0.077854
v -0.453225 -0.254275 -0.086850
v -0.481131 -0.348072 -0.092389
v -0.490553 -0.445617 -0.094260
v -0.090281 0.044776 -0.034167
v -0.176938 0.016323 -0.069988
v -0.256801 -0.029882 -0.103001
v -0.326802 -0.092063 -0.131936
v -0.384250 -0.167832 -0.155684
v -0.426938 -0.254275 -0.173329
v -0.453225 -0.348072 -0.184195
v -0.462100 -0.445617 -0.187864
v -0.081267 0.044776 -0.050997
v -0.159256 0.016323 -0.103001
v -0.231131 -0.029882 -0.150928
v -0.294130 -0.092063 -0.192936
v -0.345832 -0.167832 -0.227411
v -0.384250 -0.254275 -0.253029
v -0.407908 -0.348072 -0.268804
v -0.415895 -0.445617 -0.274131
v -0.069136 0.044776 -0.065748
v -0.135460 0.016323 -0.131936
v -0.196585 -0.029882 -0.192936
v -0.250161 -0.092063 -0.246403
v -0.294130 -0.167832 -0.290282
v -0.326802 -0.254275 -0.322886
v -0.346921 -0.348072 -0.342965
v -0.353714 -0.445617 -0.349744
v -0.054354 0.044776 -0.077854
v -0.106465 0.016323 -0.155683
v -0.154490 -0.029882 -0.227411
v -0.196585 -0.092063 -0.290282
v -0.231131 -0.167832 -0.341878
v -0.256801 -0.254275 -0.380217
v -0.272609 -0.348072 -0.403826
v -0.277946 -0.445617 -0.411798
v -0.037490 0.044776 -0.086850
v -0.073384 0.016323 -0.173329
v -0.106465 -0.029882 -0.253029
v -0.135460 -0.092063 -0.322886
v -0.159256 -0.167832 -0.380217
v -0.176938 -0.254275 -0.422817
v -0.187826 -0.348072 -0.449051
v -0.191502 -0.445617 -0.457908
v -0.019191 0.044776 -0.092389
v -0.037490 0.016323 -0.184195
v -0.054354 -0.029882 -0.268804
v -0.069136 -0.092063 -0.342965
v -0.081267 -0.167832 -0.403826
v -0.090281 -0.254275 -0.449051
v -0.095832 -0.348072 -0.476900
v -0.097706 -0.445617 -0.486303
v -0.000161 0.044776 -0.094260
v -0.000161 0.016323 -0.187864
v -0.000161 -0.092063 -0.349744
v -0.000161 -0.254275 -0.457908
v -0.000161 0.028412 -0.117786
v -0.000161 1.109785 -0.117786
v 0.021743 0.028412 -0.115256
v 0.021743 1.109785 -0.115256
v 0.042804 0.028412 -0.107761
v 0.042804 1.109785 -0.107761
v 0.062215 0.028412 -0.095591
v 0.062215 1.109785 -0.095591
v 0.079229 0.028412 -0.079212
v 0.079229 1.109785 -0.079212
v 0.093192 0.028412 -0.059254
v 0.093192 1.109785 -0.059254
v 0.103567 0.028412 -0.036485
v 0.103567 1.109785 -0.036485
v 0.109956 0.028412 -0.011778
v 0.109956 1.109785 -0.011778
v 0.112113 0.028412 0.013915
v 0.112113 1.109785 0.013915
v 0.109956 0.028412 0.039609
v 0.109956 1.109785 0.039609
v 0.103567 0.028412 0.064315
v 0.103567 1.109785 0.064315
v 0.093192 0.028412 0.087085
v 0.093192 1.109785 0.087085
v 0.079229 0.028412 0.107042
v 0.079229 1.109785 0.107042
v 0.062215 0.028412 0.123421
v 0.062215 1.109785 0.123421
v 0.042804 0.028412 0.135592
v 0.042804 1.109785 0.135592
v 0.021743 0.028412 0.143086
v 0.021743 1.109785 0.143086
v -0.000161 0.028412 0.145617
v -0.000161 1.109785 0.145617
v -0.022065 0.028412 0.143086
v -0.022065 1.109785 0.143086
v -0.043127 0.028412 0.135592
v -0.043127 1.109785 0.135592
v -0.062538 0.028412 0.123421
v -0.062538 1.109785 0.123421
v -0.079551 0.028412 0.107042
v -0.079551 1.109785 0.107042
v -0.093514 0.028412 0.087085
v -0.093514 1.109785 0.087085
v -0.103889 0.028412 0.064315
v -0.103889 1.109785 0.064315
v -0.110279 0.028412 0.039609
v -0.110279 1.109785 0.039609
v -0.112436 0.028412 0.013915
v -0.112436 1.109785 0.013915
v -0.110279 0.028412 -0.011778
v -0.110279 1.109785 -0.011778
v -0.103889 0.028412 -0.036485
v -0.103889 1.109785 -0.036485
v -0.093514 0.028412 -0.059254
v -0.093514 1.109785 -0.059254
v -0.079551 0.028412 -0.079212
v -0.079551 1.109785 -0.079212
v -0.062538 0.028412 -0.095591
v -0.062538 1.109785 -0.095591
v -0.043127 0.028412 -0.107761
v -0.043127 1.109785 -0.107761
v -0.022065 0.028412 -0.115256
v -0.022065 1.109785 -0.115256
vn 0.0830 -0.6227 -0.7780
vn 0.0830 0.6227 -0.7780
vn 0.0685 -0.7634 -0.6423
vn 0.0941 0.4602 -0.8828
vn 0.0512 -0.8758 -0.4800
vn 0.1017 0.2822 -0.9539
vn 0.0317 -0.9544 -0.2968
vn 0.1055 0.0951 -0.9899
vn 0.0107 0.9949 -0.1005
vn 0.0107 -0.9949 -0.1005
vn 0.1055 -0.0951 -0.9899
vn 0.0317 0.9544 -0.2968
vn 0.1017 -0.2822 -0.9539
vn 0.0512 0.8758 -0.4800
vn 0.0941 -0.4602 -0.8828
vn 0.0685 0.7634 -0.6423
vn 0.2774 -0.4579 -0.8446
vn 0.2023 0.7613 -0.6160
vn 0.2447 -0.6203 -0.7452
vn 0.2447 0.6203 -0.7452
vn 0.2023 -0.7613 -0.6160
vn 0.2774 0.4579 -0.8446
vn 0.1513 -0.8745 -0.4608
vn 0.2995 0.2806 -0.9119
vn 0.0937 -0.9539 -0.2853
vn 0.3106 0.0945 -0.9458
vn 0.0317 0.9948 -0.0966
vn 0.0317 -0.9948 -0.0966
vn 0.3106 -0.0945 -0.9458
vn 0.0937 0.9539 -0.2853
vn 0.2995 -0.2806 -0.9119
vn 0.1513 0.8745 -0.4608
vn 0.1520 -0.9529 -0.2626
vn 0.4987 0.0934 -0.8617
vn 0.0515 0.9947 -0.0890
vn 0.0515 -0.9947 -0.0890
vn 0.4987 -0.0934 -0.8617
vn 0.1520 0.9529 -0.2626
vn 0.4812 -0.2776 -0.8315
vn 0.2451 0.8721 -0.4235
vn 0.4463 -0.4537 -0.7713
vn 0.3269 0.7576 -0.5649
vn 0.3946 -0.6159 -0.6819
vn 0.3946 0.6159 -0.6819
vn 0.3269 -0.7576 -0.5649
vn 0.4463 0.4537 -0.7713
vn 0.2451 -0.8721 -0.4235
vn 0.4812 0.2776 -0.8315
vn 0.4372 0.7528 -0.4921
vn 0.5262 -0.6103 -0.5922
vn 0.5262 0.6103 -0.5922
vn 0.4372 -0.7528 -0.4921
vn 0.5937 0.4484 -0.6682
vn 0.3287 -0.8690 -0.3699
vn 0.6388 0.2739 -0.7190
vn 0.2042 -0.9515 -0.2299
vn 0.6614 0.0921 -0.7444
vn 0.0693 0.9945 -0.0780
vn 0.0693 -0.9945 -0.0780
vn 0.6614 -0.0921 -0.7444
vn 0.2042 0.9515 -0.2299
vn 0.6388 -0.2739 -0.7190
vn 0.3287 0.8690 -0.3699
vn 0.5937 -0.4484 -0.6682
vn 0.7936 0.0907 -0.6016
vn 0.0844 0.9944 -0.0640
vn 0.0844 -0.9944 -0.0640
vn 0.7936 -0.0907 -0.6016
vn 0.2485 0.9501 -0.1884
vn 0.7673 -0.2700 -0.5817
vn 0.3990 0.8657 -0.3024
vn 0.7145 -0.4429 -0.5416
vn 0.5291 0.7478 -0.4011
vn 0.6349 -0.6043 -0.4813
vn 0.6349 0.6043 -0.4813
vn 0.5291 -0.7478 -0.4011
vn 0.7145 0.4429 -0.5416
vn 0.3990 -0.8657 -0.3024
vn 0.7673 0.2700 -0.5817
vn 0.2485 -0.9501 -0.1884
vn 0.7180 -0.5990 -0.3545
vn 0.7180 0.5990 -0.3545
vn 0.6000 -0.7432 -0.2962
vn 0.8061 0.4380 -0.3980
vn 0.4536 -0.8626 -0.2239
vn 0.8642 0.2665 -0.4267
vn 0.2831 -0.9488 -0.1398
vn 0.8931 0.0894 -0.4409
vn 0.0963 0.9942 -0.0476
vn 0.0963 -0.9942 -0.0476
vn 0.8931 -0.0894 -0.4409
vn 0.2831 0.9488 -0.1398
vn 0.8642 -0.2665 -0.4267
vn 0.4536 0.8626 -0.2239
vn 0.8061 -0.4380 -0.3980
vn 0.6000 0.7432 -0.2962
vn 0.1045 0.9941 -0.0293
vn 0.1045 -0.9941 -0.0293
vn 0.9591 -0.0885 -0.2687
vn 0.3069 0.9478 -0.0860
vn 0.9288 -0.2640 -0.2602
vn 0.4908 0.8603 -0.1375
vn 0.8673 -0.4343 -0.2430
vn 0.6480 0.7397 -0.1816
vn 0.7739 -0.5950 -0.2168
vn 0.7739 0.5950 -0.2168
vn 0.6480 -0.7397 -0.1816
vn 0.8673 0.4343 -0.2430
vn 0.4908 -0.8603 -0.1375
vn 0.9288 0.2640 -0.2602
vn 0.3069 -0.9478 -0.0860
vn 0.9591 0.0885 -0.2687
vn 0.8020 0.5929 -0.0730
vn 0.6722 -0.7379 -0.0612
vn 0.8980 0.4324 -0.0817
vn 0.5097 -0.8591 -0.0464
vn 0.9609 0.2626 -0.0874
vn 0.3190 -0.9473 -0.0290
vn 0.9920 0.0880 -0.0902
vn 0.1087 0.9940 -0.0099
vn 0.1087 -0.9940 -0.0099
vn 0.9920 -0.0880 -0.0902
vn 0.3190 0.9473 -0.0290
vn 0.9609 -0.2626 -0.0874
vn 0.5097 0.8591 -0.0464
vn 0.8980 -0.4324 -0.0817
vn 0.6722 0.7379 -0.0612
vn 0.8020 -0.5929 -0.0730
vn 0.9920 -0.0880 0.0902
vn 0.3190 0.9473 0.0290
vn 0.9609 -0.2626 0.0874
vn 0.5097 0.8591 0.0464
vn 0.8980 -0.4324 0.0817
vn 0.6722 0.7379 0.0612
vn 0.8020 -0.5929 0.0730
vn 0.8020 0.5929 0.0730
vn 0.6722 -0.7379 0.0612
vn 0.8980 0.4324 0.0817
vn 0.5097 -0.8591 0.0464
vn 0.9609 0.2626 0.0874
vn 0.3190 -0.9473 0.0290
vn 0.9920 0.0880 0.0902
vn 0.1087 0.9940 0.0099
vn 0.1087 -0.9940 0.0099
vn 0.6480 -0.7397 0.1816
vn 0.8673 0.4343 0.2430
vn 0.4908 -0.8603 0.1375
vn 0.9288 0.2640 0.2602
vn 0.3069 -0.9478 0.0860
vn 0.9591 0.0885 0.2687
vn 0.1045 0.9941 0.0293
vn 0.1045 -0.9941 0.0293
vn 0.9591 -0.0885 0.2687
vn 0.3069 0.9478 0.0860
vn 0.9288 -0.2640 0.2602
vn 0.4908 0.8603 0.1375
vn 0.8673 -0.4343 0.2430
vn 0.6480 0.7397 0.1816
vn 0.7739 -0.5950 0.2168
vn 0.7739 0.5950 0.2168
vn 0.8642 -0.2665 0.4267
vn 0.4536 0.8626 0.2239
vn 0.8061 -0.4380 0.3980
vn 0.6000 0.7432 0.2962
vn 0.7180 -0.5990 0.3545
vn 0.7180 0.5990 0.3545
vn 0.6000 -0.7432 0.2962
vn 0.8061 0.4380 0.3980
vn 0.4536 -0.8626 0.2239
vn 0.8642 0.2665 0.4267
vn 0.2831 -0.9488 0.1398
vn 0.8931 0.0894 0.4409
vn 0.0963 0.9942 0.0476
vn 0.0963 -0.9942 0.0476
vn 0.8931 -0.0894 0.4409
vn 0.2831 0.9488 0.1398
vn 0.3990 -0.8657 0.3024
vn 0.7673 0.2700 0.5817
vn 0.2485 -0.9501 0.1884
vn 0.7936 0.0907 0.6016
vn 0.0844 0.9944 0.0640
vn 0.0844 -0.9944 0.0640
vn 0.7936 -0.0907 0.6016
vn 0.2485 0.9501 0.1884
vn 0.7673 -0.2700 0.5817
vn 0.3990 0.8657 0.3024
vn 0.7145 -0.4429 0.5416
vn 0.5291 0.7478 0.4011
vn 0.6349 -0.6043 0.4813
vn 0.6349 0.6043 0.4813
vn 0.5291 -0.7478 0.4011
vn 0.7145 0.4429 0.5416
vn 0.3287 0.8690 0.3699
vn 0.5937 -0.4484 0.6682
vn 0.4372 0.7528 0.4921
vn 0.5262 -0.6103 0.5922
vn 0.5262 0.6103 0.5922
vn 0.4372 -0.7528 0.4921
vn 0.5937 0.4484 0.6682
vn 0.3287 -0.8690 0.3699
vn 0.6388 0.2739 0.7190
vn 0.2042 -0.9515 0.2299
vn 0.6614 0.0921 0.7444
vn 0.0693 0.9945 0.0780
vn 0.0693 -0.9945 0.0780
vn 0.6614 -0.0921 0.7444
vn 0.2042 0.9515 0.2299
vn 0.6388 -0.2739 0.7190
vn 0.4812 0.2776 0.8315
vn 0.1520 -0.9529 0.2626
vn 0.4987 0.0934 0.8617
vn 0.0515 0.9947 0.0890
vn 0.0515 -0.9947 0.0890
vn 0.4987 -0.0934 0.8617
vn 0.1520 0.9529 0.2626
vn 0.4812 -0.2776 0.8315
vn 0.2451 0.8721 0.4235
vn 0.4463 -0.4537 0.7713
vn 0.3269 0.7576 0.5649
vn 0.3946 -0.6159 0.6819
vn 0.3946 0.6159 0.6819
vn 0.3269 -0.7576 0.5649
vn 0.4463 0.4537 0.7713
vn 0.2451 -0.8721 0.4235
vn 0.2774 -0.4579 0.8446
vn 0.2023 0.7613 0.6160
vn 0.2447 -0.6203 0.7452
vn 0.2447 0.6203 0.7452
vn 0.2023 -0.7613 0.6160
vn 0.2774 0.4579 0.8446
vn 0.1513 -0.8745 0.4608
vn 0.2995 0.2806 0.9119
vn 0.0937 -0.9539 0.2853
vn 0.3106 0.0945 0.9458
vn 0.0317 0.9948 0.0966
vn 0.0317 -0.9948 0.0966
vn 0.3106 -0.0945 0.9458
vn 0.0937 0.9539 0.2853
vn 0.2995 -0.2806 0.9119
vn 0.1513 0.8745 0.4608
vn 0.0317 -0.9544 0.2968
vn 0.1055 0.0951 0.9899
vn 0.0107 0.9949 0.1005
vn 0.0107 -0.9949 0.1005
vn 0.1055 -0.0951 0.9899
vn 0.0317 0.9544 0.2968
vn 0.1017 -0.2822 0.9539
vn 0.0512 0.8758 0.4800
vn 0.0941 -0.4602 0.8828
vn 0.0685 0.7634 0.6423
vn 0.0830 -0.6227 0.7780
vn 0.0830 0.6227 0.7780
vn 0.0685 -0.7634 0.6423
vn 0.0941 0.4602 0.8828
vn 0.0512 -0.8758 0.4800
vn 0.1017 0.2822 0.9539
vn -0.0685 0.7634 0.6423
vn -0.0830 -0.6227 0.7780
vn -0.0830 0.6227 0.7780
vn -0.0685 -0.7634 0.6423
vn -0.0941 0.4602 0.8828
vn -0.0512 -0.8758 0.4800
vn -0.1017 0.2822 0.9539
vn -0.0317 -0.9544 0.2968
vn -0.1055 0.0951 0.9899
vn -0.0107 0.9949 0.1005
vn -0.0107 -0.9949 0.1005
vn -0.1055 -0.0951 0.9899
vn -0.0317 0.9544 0.2968
vn -0.1017 -0.2822 0.9539
vn -0.0512 0.8758 0.4800
vn -0.0941 -0.4602 0.8828
vn -0.3106 0.0945 0.9458
vn -0.0317 0.9948 0.0966
vn -0.0317 -0.9948 0.0966
vn -0.3106 -0.0945 0.9458
vn -0.0937 0.9539 0.2853
vn -0.2995 -0.2806 0.9119
vn -0.1513 0.8745 0.4608
vn -0.2774 -0.4579 0.8446
vn -0.2023 0.7613 0.6160
vn -0.2447 -0.6203 0.7452
vn -0.2447 0.6203 0.7452
vn -0.2023 -0.7613 0.6160
vn -0.2774 0.4579 0.8446
vn -0.1513 -0.8745 0.4608
vn -0.2995 0.2806 0.9119
vn -0.0937 -0.9539 0.2853
vn -0.3946 -0.6159 0.6819
vn -0.3946 0.6159 0.6819
vn -0.3269 -0.7576 0.5649
vn -0.4463 0.4537 0.7713
vn -0.2451 -0.8721 0.4235
vn -0.4812 0.2776 0.8315
vn -0.1520 -0.9529 0.2626
vn -0.4987 0.0934 0.8617
vn -0.0515 0.9947 0.0890
vn -0.0515 -0.9947 0.0890
vn -0.4987 -0.0934 0.8617
vn -0.1520 0.9529 0.2626
vn -0.4812 -0.2776 0.8315
vn -0.2451 0.8721 0.4235
vn -0.4463 -0.4537 0.7713
vn -0.3269 0.7576 0.5649
vn -0.0693 -0.9945 0.0780
vn -0.6614 -0.0921 0.7444
vn -0.2042 0.9515 0.2299
vn -0.6388 -0.2739 0.7190
vn -0.3287 0.8690 0.3699
vn -0.5937 -0.4484 0.6682
vn -0.4372 0.7528 0.4921
vn -0.5262 -0.6103 0.5922
vn -0.5262 0.6103 0.5922
vn -0.4372 -0.7528 0.4921
vn -0.5937 0.4484 0.6682
vn -0.3287 -0.8690 0.3699
vn -0.6388 0.2739 0.7190
vn -0.2042 -0.9515 0.2299
vn -0.6614 0.0921 0.7444
vn -0.0693 0.9945 0.0780
vn -0.5291 -0.7478 0.4011
vn -0.7145 0.4429 0.5416
vn -0.3990 -0.8657 0.3024
vn -0.7673 0.2700 0.5817
vn -0.2485 -0.9501 0.1884
vn -0.7936 0.0907 0.6016
vn -0.0844 0.9944 0.0640
vn -0.0844 -0.9944 0.0640
vn -0.7936 -0.0907 0.6016
vn -0.2485 0.9501 0.1884
vn -0.7673 -0.2700 0.5817
vn -0.3990 0.8657 0.3024
vn -0.7145 -0.4429 0.5416
vn -0.5291 0.7478 0.4011
vn -0.6349 -0.6043 0.4813
vn -0.6349 0.6043 0.4813
vn -0.2831 0.9488 0.1398
vn -0.8642 -0.2665 0.4267
vn -0.4536 0.8626 0.2239
vn -0.8061 -0.4380 0.3980
vn -0.6000 0.7432 0.2962
vn -0.7180 -0.5990 0.3545
vn -0.7180 0.5990 0.3545
vn -0.6000 -0.7432 0.2962
vn -0.8061 0.4380 0.3980
vn -0.4536 -0.8626 0.2239
vn -0.8642 0.2665 0.4267
vn -0.2831 -0.9488 0.1398
vn -0.8931 0.0894 0.4409
vn -0.0963 0.9942 0.0476
vn -0.0963 -0.9942 0.0476
vn -0.8931 -0.0894 0.4409
vn -0.8673 0.4343 0.2430
vn -0.4908 -0.8603 0.1375
vn -0.9288 0.2640 0.2602
vn -0.3069 -0.9478 0.0860
vn -0.9591 0.0885 0.2687
vn -0.1045 0.9941 0.0293
vn -0.1045 -0.9941 0.0293
vn -0.9591 -0.0885 0.2687
vn -0.3069 0.9478 0.0860
vn -0.9288 -0.2640 0.2602
vn -0.4908 0.8603 0.1375
vn -0.8673 -0.4343 0.2430
vn -0.6480 0.7397 0.1816
vn -0.7739 -0.5950 0.2168
vn -0.7739 0.5950 0.2168
vn -0.6480 -0.7397 0.1816
vn -0.9609 -0.2626 0.0874
vn -0.5097 0.8591 0.0464
vn -0.8980 -0.4324 0.0817
vn -0.6722 0.7379 0.0612
vn -0.8020 -0.5929 0.0730
vn -0.8020 0.5929 0.0730
vn -0.6722 -0.7379 0.0612
vn -0.8980 0.4324 0.0817
vn -0.5097 -0.8591 0.0464
vn -0.9609 0.2626 0.0874
vn -0.3190 -0.9473 0.0290
vn -0.9920 0.0880 0.0902
vn -0.1087 0.9940 0.0099
vn -0.1087 -0.9940 0.0099
vn -0.9920 -0.0880 0.0902
vn -0.3190 0.9473 0.0290
vn -0.5097 -0.8591 -0.0464
vn -0.9609 0.2626 -0.0874
vn -0.3190 -0.9473 -0.0290
vn -0.9920 0.0880 -0.0902
vn -0.1087 0.9940 -0.0099
vn -0.1087 -0.9940 -0.0099
vn -0.9920 -0.0880 -0.0902
vn -0.3190 0.9473 -0.0290
vn -0.9609 -0.2626 -0.0874
vn -0.5097 0.8591 -0.0464
vn -0.8980 -0.4324 -0.0817
vn -0.6722 0.7379 -0.0612
vn -0.8020 -0.5929 -0.0730
vn -0.8020 0.5929 -0.0730
vn -0.6722 -0.7379 -0.0612
vn -0.8980 0.4324 -0.0817
vn -0.4908 0.8603 -0.1375
vn -0.8673 -0.4343 -0.2430
vn -0.6480 0.7397 -0.1816
vn -0.7739 -0.5950 -0.2168
vn -0.7739 0.5950 -0.2168
vn -0.6480 -0.7397 -0.1816
vn -0.8673 0.4343 -0.2430
vn -0.4908 -0.8603 -0.1375
vn -0.9288 0.2640 -0.2602
vn -0.3069 -0.9478 -0.0860
vn -0.9591 0.0885 -0.2687
vn -0.1045 0.9941 -0.0293
vn -0.1045 -0.9941 -0.0293
vn -0.9591 -0.0885 -0.2687
vn -0.3069 0.9478 -0.0860
vn -0.9288 -0.2640 -0.2602
vn -0.8642 0.2665 -0.4267
vn -0.2831 -0.9488 -0.1398
vn -0.8931 0.0894 -0.4409
vn -0.0963 0.9942 -0.0476
vn -0.0963 -0.9942 -0.0476
vn -0.8931 -0.0894 -0.4409
vn -0.2831 0.9488 -0.1398
vn -0.8642 -0.2665 -0.4267
vn -0.4536 0.8626 -0.2239
vn -0.8061 -0.4380 -0.3980
vn -0.6000 0.7432 -0.2962
vn -0.7180 -0.5990 -0.3545
vn -0.7180 0.5990 -0.3545
vn -0.6000 -0.7432 -0.2962
vn -0.8061 0.4380 -0.3980
vn -0.4536 -0.8626 -0.2239
vn -0.7145 -0.4429 -0.5416
vn -0.5291 0.7478 -0.4011
vn -0.6349 -0.6043 -0.4813
vn -0.6349 0.6043 -0.4813
vn -0.5291 -0.7478 -0.4011
vn -0.7145 0.4429 -0.5416
vn -0.3990 -0.8657 -0.3024
vn -0.7673 0.2700 -0.5817
vn -0.2485 -0.9501 -0.1884
vn -0.7936 0.0907 -0.6016
vn -0.0844 0.9944 -0.0640
vn -0.0844 -0.9944 -0.0640
vn -0.7936 -0.0907 -0.6016
vn -0.2485 0.9501 -0.1884
vn -0.7673 -0.2700 -0.5817
vn -0.3990 0.8657 -0.3024
vn -0.2042 -0.9515 -0.2299
vn -0.6614 0.0921 -0.7444
vn -0.0693 0.9945 -0.0780
vn -0.0693 -0.9945 -0.0780
vn -0.6614 -0.0921 -0.7444
vn -0.2042 0.9515 -0.2299
vn -0.6388 -0.2739 -0.7190
vn -0.3287 0.8690 -0.3699
vn -0.5937 -0.4484 -0.6682
vn -0.4372 0.7528 -0.4921
vn -0.5262 -0.6103 -0.5922
vn -0.5262 0.6103 -0.5922
vn -0.4372 -0.7528 -0.4921
vn -0.5937 0.4484 -0.6682
vn -0.3287 -0.8690 -0.3699
vn -0.6388 0.2739 -0.7190
vn -0.3946 -0.6159 -0.6819
vn -0.3946 0.6159 -0.6819
vn -0.3269 -0.7576 -0.5649
vn -0.4463 0.4537 -0.7713
vn -0.2451 -0.8721 -0.4235
vn -0.4812 0.2776 -0.8315
vn -0.1520 -0.9529 -0.2626
vn -0.4987 0.0934 -0.8617
vn -0.0515 0.9947 -0.0890
vn -0.0515 -0.9947 -0.0890
vn -0.4987 -0.0934 -0.8617
vn -0.1520 0.9529 -0.2626
vn -0.4812 -0.2776 -0.8315
vn -0.2451 0.8721 -0.4235
vn -0.4463 -0.4537 -0.7713
vn -0.3269 0.7576 -0.5649
vn -0.0317 0.9948 -0.0966
vn -0.0317 -0.9948 -0.0966
vn -0.3106 -0.0945 -0.9458
vn -0.0937 0.9539 -0.2853
vn -0.2995 -0.2806 -0.9119
vn -0.1513 0.8745 -0.4608
vn -0.2774 -0.4579 -0.8446
vn -0.2023 0.7613 -0.6160
vn -0.2447 -0.6203 -0.7452
vn -0.2447 0.6203 -0.7452
vn -0.2023 -0.7613 -0.6160
vn -0.2774 0.4579 -0.8446
vn -0.1513 -0.8745 -0.4608
vn -0.2995 0.2806 -0.9119
vn -0.0937 -0.9539 -0.2853
vn -0.3106 0.0945 -0.9458
vn -0.0830 0.6227 -0.7780
vn -0.0685 -0.7634 -0.6423
vn -0.0941 0.4602 -0.8828
vn -0.0512 -0.8758 -0.4800
vn -0.1017 0.2822 -0.9539
vn -0.0317 -0.9544 -0.2968
vn -0.1056 0.0951 -0.9899
vn -0.0107 0.9949 -0.1005
vn -0.0107 -0.9949 -0.1005
vn -0.1056 -0.0951 -0.9899
vn -0.0317 0.9544 -0.2968
vn -0.1017 -0.2822 -0.9539
vn -0.0512 0.8758 -0.4800
vn -0.0941 -0.4602 -0.8828
vn -0.0685 0.7634 -0.6423
vn -0.0830 -0.6227 -0.7780
vn -0.9996 -0.0055 0.0272
vn 0.9996 -0.0055 0.0272
vn -0.0000 -0.9476 -0.3193
vn -0.0000 0.9465 -0.3227
vn -0.0000 0.0018 1.0000
vn 0.0758 0.6318 -0.7714
vn 0.0864 0.4689 -0.8790
vn 0.0937 0.2885 -0.9529
vn 0.0974 0.0974 -0.9905
vn 0.0097 0.9951 -0.0982
vn 0.0286 0.9564 -0.2907
vn 0.0464 0.8806 -0.4716
vn 0.0623 0.7709 -0.6339
vn 0.1373 0.8806 -0.4535
vn 0.1845 0.7709 -0.6096
vn 0.2246 0.6319 -0.7418
vn 0.2559 0.4689 -0.8453
vn 0.2774 0.2885 -0.9164
vn 0.2884 0.0974 -0.9526
vn 0.0286 0.9951 -0.0944
vn 0.0846 0.9564 -0.2795
vn 0.4506 0.2886 -0.8448
vn 0.4684 0.0974 -0.8781
vn 0.0464 0.9951 -0.0870
vn 0.1374 0.9564 -0.2576
vn 0.2230 0.8807 -0.4180
vn 0.2997 0.7710 -0.5619
vn 0.3648 0.6320 -0.6838
vn 0.4157 0.4690 -0.7792
vn 0.4034 0.7711 -0.4926
vn 0.4910 0.6321 -0.5995
vn 0.5595 0.4692 -0.6832
vn 0.6066 0.2887 -0.7407
vn 0.6306 0.0974 -0.7700
vn 0.0625 0.9951 -0.0763
vn 0.1850 0.9564 -0.2258
vn 0.3001 0.8807 -0.3664
vn 0.7687 0.0975 -0.6321
vn 0.0761 0.9951 -0.0626
vn 0.2254 0.9565 -0.1853
vn 0.3657 0.8808 -0.3007
vn 0.4916 0.7712 -0.4043
vn 0.5984 0.6322 -0.4921
vn 0.6820 0.4693 -0.5609
vn 0.7395 0.2888 -0.6081
vn 0.6829 0.6324 -0.3657
vn 0.7783 0.4695 -0.4169
vn 0.8439 0.2889 -0.4520
vn 0.8773 0.0975 -0.4699
vn 0.0869 0.9951 -0.0465
vn 0.2571 0.9565 -0.1377
vn 0.4173 0.8809 -0.2235
vn 0.5610 0.7714 -0.3005
vn 0.0942 0.9951 -0.0286
vn 0.2790 0.9565 -0.0848
vn 0.4528 0.8809 -0.1376
vn 0.6088 0.7715 -0.1851
vn 0.7411 0.6325 -0.2253
vn 0.8447 0.4696 -0.2568
vn 0.9160 0.2890 -0.2784
vn 0.9522 0.0975 -0.2894
vn 0.7708 0.6326 -0.0761
vn 0.8786 0.4696 -0.0867
vn 0.9527 0.2890 -0.0940
vn 0.9904 0.0975 -0.0977
vn 0.0980 0.9951 -0.0097
vn 0.2902 0.9565 -0.0286
vn 0.4709 0.8810 -0.0465
vn 0.6332 0.7715 -0.0625
vn 0.2902 0.9565 0.0286
vn 0.4709 0.8810 0.0465
vn 0.6332 0.7715 0.0625
vn 0.7708 0.6326 0.0761
vn 0.8786 0.4696 0.0867
vn 0.9527 0.2890 0.0940
vn 0.9904 0.0975 0.0977
vn 0.0980 0.9951 0.0097
vn 0.8447 0.4696 0.2568
vn 0.9160 0.2890 0.2784
vn 0.9522 0.0975 0.2894
vn 0.0942 0.9951 0.0286
vn 0.2790 0.9565 0.0848
vn 0.4528 0.8809 0.1376
vn 0.6088 0.7715 0.1851
vn 0.7411 0.6325 0.2253
vn 0.2571 0.9565 0.1377
vn 0.4173 0.8809 0.2235
vn 0.5610 0.7714 0.3005
vn 0.6829 0.6324 0.3658
vn 0.7783 0.4695 0.4169
vn 0.8439 0.2889 0.4520
vn 0.8773 0.0975 0.4699
vn 0.0869 0.9951 0.0465
vn 0.6820 0.4693 0.5609
vn 0.7395 0.2888 0.6081
vn 0.7687 0.0975 0.6321
vn 0.0761 0.9951 0.0626
vn 0.2254 0.9565 0.1853
vn 0.3657 0.8808 0.3007
vn 0.4916 0.7712 0.4043
vn 0.5984 0.6322 0.4921
vn 0.3001 0.8807 0.3664
vn 0.4034 0.7711 0.4926
vn 0.4910 0.6321 0.5995
vn 0.5595 0.4692 0.6832
vn 0.6066 0.2887 0.7407
vn 0.6306 0.0974 0.7700
vn 0.0625 0.9951 0.0763
vn 0.1850 0.9564 0.2258
vn 0.4506 0.2886 0.8448
vn 0.4684 0.0974 0.8781
vn 0.0464 0.9951 0.0870
vn 0.1374 0.9564 0.2576
vn 0.2230 0.8807 0.4180
vn 0.2997 0.7710 0.5619
vn 0.3648 0.6320 0.6838
vn 0.4157 0.4690 0.7792
vn 0.1845 0.7709 0.6096
vn 0.2246 0.6319 0.7418
vn 0.2559 0.4689 0.8453
vn 0.2774 0.2885 0.9164
vn 0.2884 0.0974 0.9526
vn 0.0286 0.9951 0.0944
vn 0.0846 0.9564 0.2795
vn 0.1373 0.8806 0.4535
vn 0.0974 0.0974 0.9905
vn 0.0097 0.9951 0.0982
vn 0.0286 0.9564 0.2907
vn 0.0464 0.8806 0.4716
vn 0.0623 0.7709 0.6339
vn 0.0758 0.6318 0.7714
vn 0.0864 0.4689 0.8790
vn 0.0937 0.2885 0.9529
vn -0.0623 0.7709 0.6339
vn -0.0758 0.6318 0.7714
vn -0.0864 0.4689 0.8790
vn -0.0937 0.2885 0.9529
vn -0.0974 0.0974 0.9905
vn -0.0097 0.9951 0.0982
vn -0.0286 0.9564 0.2907
vn -0.0464 0.8806 0.4716
vn -0.2884 0.0974 0.9526
vn -0.0286 0.9951 0.0944
vn -0.0846 0.9564 0.2795
vn -0.1373 0.8806 0.4535
vn -0.1845 0.7709 0.6096
vn -0.2246 0.6319 0.7418
vn -0.2559 0.4689 0.8453
vn -0.2774 0.2885 0.9164
vn -0.3648 0.6320 0.6838
vn -0.4157 0.4690 0.7792
vn -0.4506 0.2886 0.8448
vn -0.4684 0.0974 0.8781
vn -0.0464 0.9951 0.0870
vn -0.1374 0.9564 0.2576
vn -0.2230 0.8807 0.4180
vn -0.2997 0.7710 0.5619
vn -0.0625 0.9951 0.0763
vn -0.1850 0.9564 0.2258
vn -0.3001 0.8807 0.3664
vn -0.4034 0.7711 0.4926
vn -0.4910 0.6321 0.5995
vn -0.5595 0.4692 0.6832
vn -0.6066 0.2887 0.7407
vn -0.6306 0.0974 0.7700
vn -0.5984 0.6322 0.4921
vn -0.6820 0.4693 0.5609
vn -0.7395 0.2888 0.6081
vn -0.7687 0.0975 0.6321
vn -0.0761 0.9951 0.0626
vn -0.2254 0.9565 0.1853
vn -0.3657 0.8808 0.3007
vn -0.4916 0.7712 0.4043
vn -0.2571 0.9565 0.1377
vn -0.4173 0.8809 0.2235
vn -0.5610 0.7714 0.3005
vn -0.6829 0.6324 0.3657
vn -0.7783 0.4695 0.4169
vn -0.8439 0.2889 0.4520
vn -0.8773 0.0975 0.4699
vn -0.0869 0.9951 0.0465
vn -0.8447 0.4696 0.2568
vn -0.9160 0.2890 0.2784
vn -0.9522 0.0975 0.2894
vn -0.0942 0.9951 0.0286
vn -0.2790 0.9565 0.0848
vn -0.4528 0.8809 0.1376
vn -0.6088 0.7715 0.1851
vn -0.7411 0.6325 0.2253
vn -0.4709 0.8810 0.0465
vn -0.6332 0.7715 0.0625
vn -0.7708 0.6326 0.0761
vn -0.8786 0.4696 0.0867
vn -0.9527 0.2890 0.0940
vn -0.9904 0.0975 0.0977
vn -0.0980 0.9951 0.0097
vn -0.2902 0.9565 0.0286
vn -0.9527 0.2890 -0.0940
vn -0.9904 0.0975 -0.0977
vn -0.0980 0.9951 -0.0097
vn -0.2902 0.9565 -0.0286
vn -0.4709 0.8810 -0.0465
vn -0.6332 0.7715 -0.0625
vn -0.7708 0.6326 -0.0761
vn -0.8786 0.4696 -0.0867
vn -0.4528 0.8809 -0.1376
vn -0.6088 0.7715 -0.1851
vn -0.7411 0.6325 -0.2253
vn -0.8447 0.4696 -0.2568
vn -0.9160 0.2890 -0.2784
vn -0.9522 0.0975 -0.2894
vn -0.0942 0.9951 -0.0286
vn -0.2790 0.9565 -0.0848
vn -0.8439 0.2889 -0.4520
vn -0.8773 0.0975 -0.4699
vn -0.0869 0.9951 -0.0465
vn -0.2571 0.9565 -0.1377
vn -0.4173 0.8809 -0.2235
vn -0.5610 0.7714 -0.3005
vn -0.6829 0.6324 -0.3658
vn -0.7783 0.4695 -0.4169
vn -0.4916 0.7712 -0.4043
vn -0.5984 0.6322 -0.4921
vn -0.6820 0.4693 -0.5609
vn -0.7395 0.2888 -0.6081
vn -0.7687 0.0975 -0.6321
vn -0.0761 0.9951 -0.0626
vn -0.2254 0.9565 -0.1853
vn -0.3657 0.8808 -0.3007
vn -0.6306 0.0974 -0.7700
vn -0.0625 0.9951 -0.0763
vn -0.1850 0.9564 -0.2258
vn -0.3001 0.8807 -0.3664
vn -0.4034 0.7711 -0.4926
vn -0.4910 0.6321 -0.5995
vn -0.5595 0.4692 -0.6832
vn -0.6066 0.2887 -0.7407
vn -0.2997 0.7710 -0.5619
vn -0.3648 0.6320 -0.6838
vn -0.4157 0.4690 -0.7792
vn -0.4506 0.2886 -0.8448
vn -0.4684 0.0974 -0.8781
vn -0.0464 0.9951 -0.0870
vn -0.1374 0.9564 -0.2576
vn -0.2230 0.8807 -0.4180
vn -0.2884 0.0974 -0.9526
vn -0.0286 0.9951 -0.0944
vn -0.0846 0.9564 -0.2795
vn -0.1373 0.8806 -0.4535
vn -0.1845 0.7709 -0.6096
vn -0.2246 0.6318 -0.7418
vn -0.2559 0.4689 -0.8453
vn -0.2774 0.2885 -0.9164
vn -0.0758 0.6318 -0.7714
vn -0.0864 0.4689 -0.8790
vn -0.0937 0.2885 -0.9529
vn -0.0974 0.0974 -0.9905
vn -0.0097 0.9951 -0.0982
vn -0.0286 0.9564 -0.2907
vn -0.0464 0.8806 -0.4716
vn -0.0623 0.7709 -0.6339
vn -0.0000 -1.0000 -0.0000
vn 0.6829 0.6324 0.3657
vn 0.2246 0.6318 0.7418
vn 0.1148 -0.0000 -0.9934
vn 0.3352 -0.0000 -0.9421
vn 0.5312 -0.0000 -0.8472
vn 0.6935 -0.0000 -0.7204
vn 0.8194 -0.0000 -0.5733
vn 0.9100 -0.0000 -0.4146
vn 0.9682 -0.0000 -0.2504
vn 0.9965 -0.0000 -0.0837
vn 0.9965 -0.0000 0.0837
vn 0.9682 -0.0000 0.2504
vn 0.9100 -0.0000 0.4146
vn 0.8194 -0.0000 0.5733
vn 0.6935 -0.0000 0.7204
vn 0.5312 -0.0000 0.8472
vn 0.3352 -0.0000 0.9421
vn 0.1148 -0.0000 0.9934
vn -0.1148 -0.0000 0.9934
vn -0.3352 -0.0000 0.9421
vn -0.5312 -0.0000 0.8472
vn -0.6935 -0.0000 0.7204
vn -0.8194 -0.0000 0.5733
vn -0.9100 -0.0000 0.4146
vn -0.9682 -0.0000 0.2504
vn -0.9965 -0.0000 0.0837
vn -0.9965 -0.0000 -0.0837
vn -0.9682 -0.0000 -0.2504
vn -0.9100 -0.0000 -0.4146
vn -0.8194 -0.0000 -0.5733
vn -0.6935 -0.0000 -0.7204
vn -0.5312 -0.0000 -0.8472
vn -0.0000 1.0000 -0.0000
vn -0.3352 -0.0000 -0.9421
vn -0.1148 -0.0000 -0.9934
vt 0.351680 0.698659
vt 0.387230 0.652536
vt 0.384357 0.698659
vt 0.196222 0.652536
vt 0.231772 0.698659
vt 0.193348 0.698659
vt 0.806735 0.698508
vt 0.777559 0.652428
vt 0.803233 0.652428
vt 0.097636 0.698699
vt 0.138195 0.652536
vt 0.140330 0.698699
vt 0.386981 0.898410
vt 0.365302 0.852371
vt 0.382986 0.852371
vt 0.402379 0.098176
vt 0.446388 0.051982
vt 0.447703 0.098176
vt 0.349470 0.948266
vt 0.336121 0.902257
vt 0.345136 0.902257
vt 0.152094 0.097751
vt 0.198304 0.051982
vt 0.198304 0.098195
vt 0.298033 0.603406
vt 0.289061 0.648739
vt 0.289061 0.602526
vt 0.977022 0.448416
vt 0.977022 0.402204
vt 0.985995 0.403083
vt 0.152094 0.048136
vt 0.198304 0.002367
vt 0.198304 0.047692
vt 0.361307 0.948266
vt 0.374657 0.902257
vt 0.378991 0.948266
vt 0.402379 0.001923
vt 0.446388 0.048117
vt 0.403694 0.048117
vt 0.806735 0.752324
vt 0.785056 0.798363
vt 0.781061 0.752324
vt 0.189501 0.698699
vt 0.148942 0.652536
vt 0.187366 0.652536
vt 0.882412 0.202027
vt 0.853236 0.248106
vt 0.849735 0.202027
vt 0.442938 0.552498
vt 0.402379 0.598661
vt 0.404514 0.552498
vt 0.031099 0.848565
vt 0.001923 0.802485
vt 0.034600 0.802485
vt 0.725067 0.552449
vt 0.689516 0.598572
vt 0.692390 0.552449
vt 0.552766 0.702478
vt 0.588316 0.748601
vt 0.549892 0.748601
vt 0.073370 0.802485
vt 0.044194 0.848565
vt 0.047696 0.802485
vt 0.601198 0.051964
vt 0.641758 0.098127
vt 0.599063 0.098127
vt 0.891303 0.852177
vt 0.869624 0.898216
vt 0.873618 0.852177
vt 0.451550 0.398511
vt 0.495559 0.352318
vt 0.496874 0.398511
vt 0.392997 0.848454
vt 0.379647 0.802445
vt 0.388663 0.802445
vt 0.098190 0.002367
vt 0.051980 0.048136
vt 0.051980 0.001923
vt 0.588429 0.852343
vt 0.583921 0.898335
vt 0.579413 0.852343
vt 0.534852 0.848440
vt 0.530345 0.802448
vt 0.539360 0.802448
vt 0.048134 0.152101
vt 0.001923 0.197869
vt 0.001923 0.152545
vt 0.643831 0.902229
vt 0.657181 0.948238
vt 0.639496 0.948238
vt 0.496874 0.498592
vt 0.452865 0.452399
vt 0.495559 0.452399
vt 0.871415 0.348227
vt 0.849735 0.302188
vt 0.875409 0.302188
vt 0.282225 0.748514
vt 0.295575 0.702506
vt 0.291240 0.748514
vt 0.102037 0.001923
vt 0.148247 0.047692
vt 0.102037 0.048136
vt 0.541096 0.903139
vt 0.532123 0.948472
vt 0.532123 0.902260
vt 0.964203 0.448416
vt 0.964203 0.402204
vt 0.973175 0.403083
vt 0.048134 0.001923
vt 0.001923 0.047692
vt 0.001923 0.002367
vt 0.942633 0.302188
vt 0.955983 0.348197
vt 0.938298 0.348197
vt 0.447703 0.398530
vt 0.403694 0.352337
vt 0.446388 0.352337
vt 0.473229 0.898413
vt 0.451550 0.852374
vt 0.477224 0.852374
vt 0.042483 0.652536
vt 0.001923 0.698699
vt 0.004059 0.652536
vt 0.842387 0.198180
vt 0.813211 0.152101
vt 0.845888 0.152101
vt 0.725067 0.702438
vt 0.689516 0.748561
vt 0.692390 0.702438
vt 0.692390 0.652468
vt 0.727940 0.698591
vt 0.689516 0.698591
vt 0.259048 0.802445
vt 0.229872 0.848525
vt 0.233373 0.802445
vt 0.647740 0.252219
vt 0.688299 0.298382
vt 0.645605 0.298382
vt 0.753467 0.852263
vt 0.731787 0.898302
vt 0.735782 0.852263
vt 0.447703 0.252219
vt 0.403694 0.298412
vt 0.402379 0.252219
vt 0.522996 0.848527
vt 0.493821 0.802448
vt 0.526498 0.802448
vt 0.730570 0.048046
vt 0.695019 0.001923
vt 0.727696 0.001923
vt 0.634857 0.702478
vt 0.599307 0.748601
vt 0.596433 0.702478
vt 0.876281 0.552365
vt 0.847106 0.598445
vt 0.850607 0.552365
vt 0.598569 0.352318
vt 0.639128 0.398481
vt 0.596433 0.398481
vt 0.571571 0.852343
vt 0.549892 0.898383
vt 0.553887 0.852343
vt 0.347589 0.402396
vt 0.303580 0.448589
vt 0.302265 0.402396
vt 0.036805 0.902297
vt 0.023455 0.948306
vt 0.027789 0.902297
vt 0.001923 0.051982
vt 0.048134 0.097751
vt 0.001923 0.098195
vt 0.298076 0.652586
vt 0.293569 0.698577
vt 0.289061 0.652586
vt 0.287927 0.902217
vt 0.296900 0.947550
vt 0.287927 0.948429
vt 0.198304 0.102042
vt 0.152094 0.147810
vt 0.152094 0.102486
vt 0.554227 0.902230
vt 0.567577 0.948238
vt 0.549892 0.948238
vt 0.496874 0.448552
vt 0.452865 0.402358
vt 0.495559 0.402358
vt 0.832261 0.898216
vt 0.810582 0.852176
vt 0.836256 0.852176
vt 0.590451 0.652468
vt 0.549892 0.698631
vt 0.552027 0.652468
vt 0.051980 0.152101
vt 0.098190 0.197869
vt 0.051980 0.198313
vt 0.678497 0.802417
vt 0.673989 0.848409
vt 0.669481 0.802417
vt 0.382838 0.948469
vt 0.382838 0.902257
vt 0.391811 0.903137
vt 0.148247 0.152101
vt 0.102037 0.197869
vt 0.102037 0.152545
vt 0.571424 0.948238
vt 0.584774 0.902230
vt 0.589108 0.948238
vt 0.402379 0.402377
vt 0.446388 0.448571
vt 0.403694 0.448571
vt 0.229872 0.898411
vt 0.251551 0.852371
vt 0.255546 0.898411
vt 0.683534 0.502439
vt 0.642975 0.548602
vt 0.645110 0.502439
vt 0.850607 0.752324
vt 0.879782 0.798403
vt 0.847106 0.798403
vt 0.727940 0.398441
vt 0.692390 0.352318
vt 0.725067 0.352318
vt 0.730570 0.302278
vt 0.695019 0.348400
vt 0.692146 0.302278
vt 0.331440 0.802445
vt 0.302265 0.848524
vt 0.305766 0.802445
vt 0.683534 0.598612
vt 0.642975 0.552449
vt 0.685669 0.552449
vt 0.768311 0.852263
vt 0.789990 0.898302
vt 0.772306 0.898302
vt 0.047248 0.452436
vt 0.003238 0.498630
vt 0.001923 0.452436
vt 0.942671 0.352318
vt 0.956021 0.398326
vt 0.947006 0.398326
vt 0.536515 0.748631
vt 0.500965 0.702509
vt 0.533642 0.702509
vt 0.730570 0.051933
vt 0.695019 0.098056
vt 0.692146 0.051933
vt 0.431554 0.802466
vt 0.402379 0.848546
vt 0.405880 0.802466
vt 0.636993 0.598612
vt 0.596433 0.552449
vt 0.639128 0.552449
vt 0.861782 0.852177
vt 0.840103 0.898216
vt 0.844097 0.852177
vt 0.496874 0.202141
vt 0.452865 0.248334
vt 0.451550 0.202141
vt 0.958651 0.102041
vt 0.945301 0.148050
vt 0.949635 0.102041
vt 0.098190 0.098195
vt 0.051980 0.052426
vt 0.098190 0.051982
vt 0.988710 0.001923
vt 0.984202 0.047915
vt 0.979695 0.001923
vt 0.436408 0.898385
vt 0.431900 0.852393
vt 0.440915 0.852393
vt 0.298418 0.051982
vt 0.252208 0.097751
vt 0.252208 0.052426
vt 0.947006 0.452171
vt 0.960356 0.498179
vt 0.942671 0.498179
vt 0.496874 0.298412
vt 0.452865 0.252219
vt 0.495559 0.252219
vt 0.600428 0.852343
vt 0.622108 0.898383
vt 0.596433 0.898383
vt 0.683534 0.352318
vt 0.642975 0.398481
vt 0.645110 0.352318
vt 0.850607 0.802250
vt 0.879782 0.848330
vt 0.847106 0.848330
vt 0.973175 0.453142
vt 0.964203 0.498475
vt 0.964203 0.452263
vt 0.971340 0.047915
vt 0.966832 0.001923
vt 0.975848 0.001923
vt 0.001923 0.248372
vt 0.048134 0.202604
vt 0.048134 0.247928
vt 0.954531 0.852177
vt 0.967882 0.898185
vt 0.950197 0.898185
vt 0.096419 0.498630
vt 0.052409 0.452436
vt 0.095104 0.452436
vt 0.625954 0.898383
vt 0.647634 0.852343
vt 0.651629 0.898383
vt 0.042483 0.552517
vt 0.001923 0.598680
vt 0.004059 0.552517
vt 0.853236 0.152101
vt 0.882412 0.198180
vt 0.849735 0.198180
vt 0.730570 0.148164
vt 0.695019 0.102041
vt 0.727696 0.102041
vt 0.730570 0.202141
vt 0.695019 0.248264
vt 0.692146 0.202141
vt 0.876281 0.602418
vt 0.847106 0.648498
vt 0.850607 0.602418
vt 0.590451 0.548602
vt 0.549892 0.502439
vt 0.592587 0.502439
vt 0.655475 0.852343
vt 0.677155 0.898383
vt 0.659470 0.898383
vt 0.145590 0.452436
vt 0.101581 0.498630
vt 0.100266 0.452436
vt 0.869624 0.902063
vt 0.882974 0.948071
vt 0.873958 0.948071
vt 0.248361 0.248372
vt 0.202151 0.202604
vt 0.248361 0.202160
vt 0.727940 0.402328
vt 0.692390 0.448451
vt 0.689516 0.402328
vt 0.089967 0.848564
vt 0.119142 0.802485
vt 0.115641 0.848564
vt 0.283079 0.648689
vt 0.242519 0.602527
vt 0.285214 0.602527
vt 0.181192 0.802485
vt 0.159513 0.848524
vt 0.163507 0.802485
vt 0.194761 0.452436
vt 0.150752 0.498630
vt 0.149437 0.452436
vt 0.960356 0.548448
vt 0.947006 0.502439
vt 0.956021 0.502439
vt 0.102037 0.102042
vt 0.148247 0.147810
vt 0.102037 0.148254
vt 0.744649 0.997996
vt 0.749157 0.952004
vt 0.753665 0.997996
vt 0.964203 0.798946
vt 0.964203 0.752734
vt 0.973175 0.753614
vt 0.248361 0.152101
vt 0.202151 0.197869
vt 0.202151 0.152545
vt 0.947006 0.552325
vt 0.960356 0.598334
vt 0.942671 0.598334
vt 0.447703 0.498611
vt 0.403694 0.452417
vt 0.446388 0.452417
vt 0.853730 0.252219
vt 0.875409 0.298258
vt 0.849735 0.298258
vt 0.342824 0.602526
vt 0.302265 0.648689
vt 0.304400 0.602526
vt 0.126490 0.802485
vt 0.155666 0.848565
vt 0.122989 0.848565
vt 0.681399 0.748601
vt 0.645848 0.702478
vt 0.678525 0.702478
vt 0.102037 0.248372
vt 0.148247 0.202604
vt 0.148247 0.247928
vt 0.915780 0.198109
vt 0.929130 0.152101
vt 0.933464 0.198109
vt 0.047248 0.448589
vt 0.003238 0.402396
vt 0.045933 0.402396
vt 0.327939 0.852371
vt 0.306260 0.898410
vt 0.302265 0.852371
vt 0.639622 0.102041
vt 0.599063 0.148204
vt 0.601198 0.102041
vt 0.878911 0.097929
vt 0.849735 0.051850
vt 0.882412 0.051850
vt 0.178331 0.748669
vt 0.142780 0.702546
vt 0.175457 0.702546
vt 0.231772 0.702506
vt 0.196222 0.748629
vt 0.193348 0.702506
vt 0.878911 0.001923
vt 0.849735 0.048003
vt 0.853237 0.001923
vt 0.639622 0.048086
vt 0.599063 0.001923
vt 0.641758 0.001923
vt 0.536266 0.898413
vt 0.514586 0.852374
vt 0.532271 0.852374
vt 0.197418 0.402396
vt 0.153409 0.448589
vt 0.152094 0.402396
vt 0.915780 0.201987
vt 0.929130 0.247995
vt 0.920114 0.247995
vt 0.152094 0.202160
vt 0.198304 0.247928
vt 0.152094 0.248372
vt 0.870650 0.951918
vt 0.866142 0.997910
vt 0.861634 0.951918
vt 0.966832 0.102041
vt 0.975805 0.147374
vt 0.966832 0.148254
vt 0.876281 0.352318
vt 0.847106 0.398397
vt 0.850607 0.352318
vt 0.639622 0.198263
vt 0.599063 0.152101
vt 0.641758 0.152101
vt 0.424058 0.852393
vt 0.402379 0.898432
vt 0.406374 0.852393
vt 0.047248 0.502476
vt 0.003238 0.548670
vt 0.001923 0.502476
vt 0.062671 0.948306
vt 0.049321 0.902297
vt 0.058336 0.902297
vt 0.148247 0.098195
vt 0.102037 0.052426
vt 0.148247 0.051982
vt 0.964203 0.648769
vt 0.964203 0.602557
vt 0.973175 0.647890
vt 0.964203 0.502439
vt 0.973175 0.547772
vt 0.964203 0.548651
vt 0.298418 0.102042
vt 0.252208 0.147810
vt 0.252208 0.102485
vt 0.665362 0.902229
vt 0.678712 0.948238
vt 0.661028 0.948238
vt 0.243932 0.498630
vt 0.199923 0.452436
vt 0.242617 0.452436
vt 0.502750 0.898413
vt 0.481071 0.852374
vt 0.506745 0.852374
vt 0.091654 0.552517
vt 0.051095 0.598680
vt 0.053230 0.552517
vt 0.876281 0.448324
vt 0.847106 0.402244
vt 0.879782 0.402244
vt 0.727940 0.498460
vt 0.692390 0.452337
vt 0.725067 0.452337
vt 0.727940 0.602458
vt 0.692390 0.648581
vt 0.689516 0.602458
vt 0.145590 0.548670
vt 0.101580 0.502476
vt 0.144275 0.502476
vt 0.905309 0.698467
vt 0.883629 0.652428
vt 0.909303 0.652428
vt 0.590451 0.552449
vt 0.549892 0.598612
vt 0.552027 0.552449
vt 0.842387 0.348268
vt 0.813211 0.302188
vt 0.845888 0.302188
vt 0.440803 0.748650
vt 0.405252 0.702527
vt 0.437929 0.702527
vt 0.040347 0.702546
vt 0.004797 0.748669
vt 0.001923 0.702546
vt 0.367964 0.802445
vt 0.338789 0.848524
vt 0.342290 0.802445
vt 0.389366 0.648689
vt 0.348806 0.602526
vt 0.391501 0.602526
vt 0.181192 0.852371
vt 0.159513 0.898410
vt 0.163507 0.852371
vt 0.546045 0.252219
vt 0.502036 0.298412
vt 0.500721 0.252219
vt 0.947006 0.648220
vt 0.960356 0.602211
vt 0.956021 0.648220
vt 0.298418 0.048136
vt 0.252208 0.002367
vt 0.298418 0.001923
vt 0.985734 0.398310
vt 0.990242 0.352318
vt 0.994750 0.398310
vt 0.964203 0.552498
vt 0.973175 0.597831
vt 0.964203 0.598710
vt 0.198304 0.152101
vt 0.152094 0.197869
vt 0.152094 0.152545
vt 0.787174 0.902149
vt 0.800524 0.948158
vt 0.782839 0.948158
vt 0.060127 0.852411
vt 0.038447 0.898451
vt 0.042442 0.852411
vt 0.297532 0.402396
vt 0.253523 0.448589
vt 0.252208 0.402396
vt 0.609784 0.902229
vt 0.596433 0.948238
vt 0.600768 0.902229
vt 0.248361 0.048136
vt 0.202151 0.002367
vt 0.248361 0.001923
vt 0.993563 0.902236
vt 0.989055 0.948227
vt 0.984548 0.902236
vt 0.964203 0.748887
vt 0.964203 0.702675
vt 0.973175 0.703555
vt 0.048134 0.102042
vt 0.001923 0.147810
vt 0.001923 0.102486
vt 0.622299 0.902229
vt 0.635650 0.948238
vt 0.617965 0.948238
vt 0.247475 0.448589
vt 0.203466 0.402396
vt 0.246161 0.402396
vt 0.711196 0.898343
vt 0.689516 0.852303
vt 0.715190 0.852303
vt 0.683534 0.602459
vt 0.642975 0.648621
vt 0.645110 0.602459
vt 0.876281 0.698508
vt 0.847106 0.652428
vt 0.879782 0.652428
vt 0.387230 0.748628
vt 0.351680 0.702506
vt 0.384357 0.702506
vt 0.136060 0.702546
vt 0.100509 0.748669
vt 0.097636 0.702546
vt 0.878911 0.102041
vt 0.849735 0.148121
vt 0.853236 0.102041
vt 0.140825 0.598680
vt 0.100266 0.552517
vt 0.142960 0.552517
vt 0.093642 0.852411
vt 0.071963 0.898451
vt 0.067968 0.852411
vt 0.639622 0.202141
vt 0.599063 0.248304
vt 0.601198 0.202141
vt 0.222524 0.848525
vt 0.193348 0.802445
vt 0.226025 0.802445
vt 0.770211 0.448450
vt 0.734661 0.402328
vt 0.767338 0.402328
vt 0.274043 0.752476
vt 0.238493 0.798598
vt 0.235619 0.752476
vt 0.480725 0.802448
vt 0.451550 0.848527
vt 0.455051 0.802448
vt 0.639623 0.298382
vt 0.599063 0.252219
vt 0.641758 0.252219
vt 0.123163 0.898451
vt 0.101484 0.852411
vt 0.119169 0.852411
vt 0.296647 0.452436
vt 0.252637 0.498630
vt 0.251322 0.452436
vt 0.244401 0.902257
vt 0.257751 0.948266
vt 0.248735 0.948266
vt 0.298418 0.198313
vt 0.252208 0.152545
vt 0.298418 0.152101
vt 0.848772 0.997910
vt 0.853280 0.951918
vt 0.857787 0.997910
vt 0.933173 0.951887
vt 0.937681 0.997879
vt 0.928666 0.997879
vt 0.098190 0.202160
vt 0.051980 0.247928
vt 0.051980 0.202604
vt 0.960356 0.402204
vt 0.947006 0.448213
vt 0.942671 0.402204
vt 0.595216 0.148235
vt 0.551207 0.102041
vt 0.593901 0.102041
vt 0.496874 0.302278
vt 0.452865 0.348471
vt 0.451550 0.302278
vt 0.693851 0.948198
vt 0.707201 0.902189
vt 0.702866 0.948198
vt 0.198304 0.298431
vt 0.152094 0.252663
vt 0.198304 0.252219
vt 0.981361 0.298210
vt 0.985869 0.252219
vt 0.990376 0.298210
vt 0.964203 0.652616
vt 0.973175 0.697949
vt 0.964203 0.698828
vt 0.248361 0.051982
vt 0.202151 0.097751
vt 0.202151 0.052426
vt 0.912495 0.948071
vt 0.899145 0.902063
vt 0.916829 0.902063
vt 0.096419 0.548670
vt 0.052409 0.502476
vt 0.095104 0.502476
vt 0.215028 0.898411
vt 0.193348 0.852371
vt 0.219022 0.852371
vt 0.342824 0.552517
vt 0.302265 0.598680
vt 0.304400 0.552517
vt 0.876281 0.498250
vt 0.847106 0.452171
vt 0.879783 0.452171
vt 0.770211 0.698551
vt 0.734661 0.652428
vt 0.767338 0.652428
vt 0.770211 0.352318
vt 0.734661 0.398441
vt 0.731787 0.352318
vt 0.876281 0.502439
vt 0.847106 0.548518
vt 0.850607 0.502439
vt 0.189996 0.598680
vt 0.149437 0.552517
vt 0.192131 0.552517
vt 0.148689 0.852411
vt 0.127010 0.898451
vt 0.131005 0.852411
vt 0.492109 0.552479
vt 0.451550 0.598642
vt 0.453685 0.552479
vt 0.839757 0.648498
vt 0.810582 0.602418
vt 0.843259 0.602418
vt 0.089519 0.748669
vt 0.053968 0.702546
vt 0.086645 0.702546
vt 0.770211 0.452337
vt 0.734661 0.498460
vt 0.731787 0.452337
vt 0.839757 0.652428
vt 0.810582 0.698508
vt 0.814083 0.652428
vt 0.239167 0.598680
vt 0.198608 0.552517
vt 0.241302 0.552517
vt 0.900936 0.252219
vt 0.879256 0.298258
vt 0.883251 0.252219
vt 0.595216 0.202141
vt 0.551207 0.248334
vt 0.549892 0.202141
vt 0.853453 0.902063
vt 0.840103 0.948071
vt 0.844437 0.902063
vt 0.051980 0.102042
vt 0.098190 0.147810
vt 0.051980 0.148254
vt 0.971729 0.897509
vt 0.980701 0.852177
vt 0.980701 0.898389
vt 0.971728 0.902236
vt 0.980701 0.947568
vt 0.971728 0.948448
vt 0.298418 0.202160
vt 0.252208 0.247928
vt 0.252208 0.202604
vt 0.172863 0.948266
vt 0.159513 0.902257
vt 0.177197 0.902257
vt 0.194761 0.548670
vt 0.150752 0.502476
vt 0.193446 0.502476
vt 0.023603 0.898451
vt 0.001923 0.852411
vt 0.027598 0.852411
vt 0.284081 0.948226
vt 0.270730 0.902217
vt 0.279746 0.902217
vt 0.202151 0.252219
vt 0.248361 0.297987
vt 0.202151 0.298431
vt 0.711048 0.947522
vt 0.720020 0.902189
vt 0.720020 0.948402
vt 0.975805 0.051850
vt 0.975805 0.098062
vt 0.966832 0.097183
vt 0.048134 0.252219
vt 0.001923 0.297987
vt 0.001923 0.252663
vt 0.945301 0.097858
vt 0.958651 0.051850
vt 0.962986 0.097858
vt 0.447703 0.148235
vt 0.403694 0.102041
vt 0.446388 0.102041
vt 0.905309 0.548478
vt 0.883629 0.502439
vt 0.909304 0.502439
vt 0.686164 0.001923
vt 0.645604 0.048086
vt 0.647740 0.001923
vt 0.839757 0.848330
vt 0.810582 0.802250
vt 0.843259 0.802250
vt 0.727940 0.548562
vt 0.692390 0.502439
vt 0.725067 0.502439
vt 0.274043 0.702506
vt 0.238493 0.748629
vt 0.235619 0.702506
vt 0.760963 0.802337
vt 0.731787 0.848416
vt 0.735288 0.802337
vt 0.091654 0.698699
vt 0.051095 0.652536
vt 0.093789 0.652536
vt 0.905309 0.552365
vt 0.883629 0.598405
vt 0.887624 0.552365
vt 0.546045 0.302278
vt 0.502036 0.348471
vt 0.500721 0.302278
vt 0.842387 0.298298
vt 0.813211 0.252219
vt 0.845888 0.252219
vt 0.770211 0.548562
vt 0.734661 0.502439
vt 0.767338 0.502439
vt 0.772841 0.001923
vt 0.737290 0.048046
vt 0.734417 0.001923
vt 0.850607 0.748434
vt 0.879783 0.702354
vt 0.876281 0.748434
vt 0.492109 0.698662
vt 0.451550 0.652499
vt 0.494244 0.652499
vt 0.357460 0.898410
vt 0.335781 0.852371
vt 0.353465 0.852371
vt 0.347589 0.452436
vt 0.303580 0.498629
vt 0.302265 0.452436
vt 0.469234 0.948269
vt 0.455884 0.902260
vt 0.464900 0.902260
vt 0.252208 0.252219
vt 0.298418 0.297987
vt 0.252208 0.298431
vt 0.989347 0.203039
vt 0.980374 0.248372
vt 0.980374 0.202159
vt 0.836621 0.951918
vt 0.841129 0.997910
vt 0.832113 0.997910
vt 0.302265 0.098195
vt 0.348475 0.052426
vt 0.348475 0.097751
vt 0.950197 0.948040
vt 0.963547 0.902032
vt 0.967882 0.948040
vt 0.396760 0.498629
vt 0.352751 0.452436
vt 0.395445 0.452436
vt 0.292070 0.852331
vt 0.270391 0.898370
vt 0.266396 0.852331
vt 0.042483 0.602527
vt 0.001923 0.648689
vt 0.004059 0.602527
vt 0.051980 0.252219
vt 0.098190 0.297987
vt 0.051980 0.298431
vt 0.958866 0.997879
vt 0.963374 0.951887
vt 0.967882 0.997879
vt 0.736295 0.952004
vt 0.740803 0.997996
vt 0.731787 0.997996
vt 0.348475 0.102042
vt 0.302265 0.147810
vt 0.302265 0.102485
vt 0.277890 0.798370
vt 0.291240 0.752361
vt 0.295575 0.798370
vt 0.546045 0.398512
vt 0.502036 0.352318
vt 0.544730 0.352318
vt 0.900936 0.348227
vt 0.879256 0.302188
vt 0.904930 0.302188
vt 0.636993 0.602458
vt 0.596433 0.648621
vt 0.598569 0.602459
vt 0.771812 0.802337
vt 0.800988 0.848416
vt 0.768311 0.848416
vt 0.730570 0.198223
vt 0.695019 0.152101
vt 0.727696 0.152101
vt 0.730570 0.252219
vt 0.695019 0.298341
vt 0.692146 0.252219
vt 0.693018 0.848457
vt 0.722193 0.802377
vt 0.718692 0.848457
vt 0.492109 0.648652
vt 0.451550 0.602489
vt 0.494244 0.602489
vt 0.905309 0.352318
vt 0.883629 0.398357
vt 0.887624 0.352318
vt 0.243932 0.502476
vt 0.199923 0.548670
vt 0.198608 0.502476
vt 0.946350 0.898185
vt 0.933000 0.852177
vt 0.942016 0.852177
vt 0.772841 0.148164
vt 0.737290 0.102041
vt 0.769967 0.102041
vt 0.772841 0.152101
vt 0.737290 0.198223
vt 0.734417 0.152101
vt 0.553394 0.848497
vt 0.582569 0.802417
vt 0.579068 0.848497
vt 0.636993 0.698631
vt 0.596433 0.652468
vt 0.639128 0.652468
vt 0.911933 0.047963
vt 0.890254 0.001923
vt 0.907938 0.001923
vt 0.546045 0.001923
vt 0.502036 0.048117
vt 0.500721 0.001923
vt 0.085653 0.948306
vt 0.072303 0.902297
vt 0.081318 0.902297
vt 0.248361 0.148254
vt 0.202151 0.102486
vt 0.248361 0.102042
vt 0.891155 0.997910
vt 0.895663 0.951918
vt 0.900171 0.997910
vt 0.765816 0.952004
vt 0.770324 0.997996
vt 0.761308 0.997996
vt 0.348475 0.001923
vt 0.302265 0.047692
vt 0.302265 0.002367
vt 0.972193 0.198109
vt 0.958843 0.152100
vt 0.976527 0.152100
vt 0.397646 0.448589
vt 0.353637 0.402396
vt 0.396331 0.402396
vt 0.905309 0.748394
vt 0.883629 0.702354
vt 0.909303 0.702354
vt 0.538651 0.552479
vt 0.498091 0.598642
vt 0.500226 0.552479
vt 0.816713 0.202027
vt 0.845888 0.248106
vt 0.813211 0.248106
vt 0.985995 0.452263
vt 0.985995 0.498475
vt 0.977022 0.497596
vt 0.102037 0.298431
vt 0.148247 0.252663
vt 0.148247 0.297987
vt 0.315615 0.948266
vt 0.302265 0.902257
vt 0.319950 0.902257
vt 0.546045 0.098157
vt 0.502036 0.051964
vt 0.544730 0.051964
vt 0.911933 0.051850
vt 0.890254 0.097889
vt 0.886259 0.051850
vt 0.091654 0.602527
vt 0.051095 0.648689
vt 0.053230 0.602527
vt 0.599935 0.802417
vt 0.629110 0.848497
vt 0.596433 0.848497
vt 0.727940 0.798530
vt 0.692390 0.752407
vt 0.725067 0.752407
vt 0.489974 0.702509
vt 0.454423 0.748631
vt 0.451550 0.702509
vt 0.636459 0.848497
vt 0.665634 0.802417
vt 0.662133 0.848497
vt 0.686164 0.098096
vt 0.645604 0.051933
vt 0.688299 0.051933
vt 0.883629 0.602418
vt 0.905309 0.648458
vt 0.887624 0.648458
vt 0.546045 0.102041
vt 0.502036 0.148235
vt 0.500721 0.102041
vt 0.736122 0.948158
vt 0.749472 0.902149
vt 0.745137 0.948158
vt 0.398532 0.298431
vt 0.352322 0.252663
vt 0.398532 0.252219
vt 0.941528 0.997879
vt 0.946036 0.951887
vt 0.950543 0.997879
vt 0.839757 0.702398
vt 0.810582 0.748477
vt 0.814083 0.702398
vt 0.683534 0.698631
vt 0.642975 0.652468
vt 0.685669 0.652468
vt 0.909303 0.798320
vt 0.887624 0.752281
vt 0.905309 0.752281
vt 0.546045 0.152101
vt 0.502036 0.198294
vt 0.500721 0.152101
vt 0.144695 0.948306
vt 0.131345 0.902297
vt 0.140360 0.902297
vt 0.302265 0.252219
vt 0.348475 0.297987
vt 0.302265 0.298431
vt 0.810582 0.997910
vt 0.815089 0.951918
vt 0.819597 0.997910
vt 0.985995 0.502322
vt 0.985995 0.548534
vt 0.977022 0.547655
vt 0.348475 0.152101
vt 0.302265 0.197869
vt 0.302265 0.152544
vt 0.211033 0.902257
vt 0.197683 0.948266
vt 0.193348 0.902257
vt 0.546045 0.548633
vt 0.502036 0.502439
vt 0.544730 0.502439
vt 0.909303 0.802250
vt 0.887624 0.848290
vt 0.883629 0.802250
vt 0.099771 0.648689
vt 0.140330 0.602526
vt 0.138195 0.648689
vt 0.839757 0.798403
vt 0.810582 0.752324
vt 0.843259 0.752324
vt 0.734417 0.302188
vt 0.769967 0.348311
vt 0.737290 0.348311
vt 0.734417 0.098056
vt 0.769967 0.051933
vt 0.772841 0.098056
vt 0.227204 0.902257
vt 0.240554 0.948266
vt 0.222869 0.948266
vt 0.051095 0.402396
vt 0.095104 0.448589
vt 0.052409 0.448589
vt 0.934830 0.598364
vt 0.913150 0.552325
vt 0.938824 0.552325
vt 0.647740 0.148204
vt 0.688299 0.102041
vt 0.686164 0.148204
vt 0.839757 0.498250
vt 0.810582 0.452171
vt 0.843259 0.452171
vt 0.770211 0.598572
vt 0.734661 0.552449
vt 0.767338 0.552449
vt 0.770211 0.602418
vt 0.734661 0.648541
vt 0.731787 0.602418
vt 0.805863 0.152101
vt 0.776687 0.198180
vt 0.780189 0.152101
vt 0.601198 0.302278
vt 0.641758 0.348441
vt 0.599063 0.348441
vt 0.909303 0.448283
vt 0.887624 0.402244
vt 0.905309 0.402244
vt 0.496874 0.001923
vt 0.452865 0.048117
vt 0.451550 0.001923
vt 0.942016 0.902032
vt 0.928666 0.948040
vt 0.933000 0.902032
vt 0.051980 0.352337
vt 0.098190 0.398105
vt 0.051980 0.398549
vt 0.774170 0.997996
vt 0.778678 0.952004
vt 0.783186 0.997996
vt 0.985995 0.602557
vt 0.985995 0.648769
vt 0.977022 0.647890
vt 0.348475 0.202160
vt 0.302265 0.247928
vt 0.302265 0.202604
vt 0.636993 0.548602
vt 0.596433 0.502439
vt 0.639128 0.502439
vt 0.938824 0.498210
vt 0.917145 0.452171
vt 0.934830 0.452171
vt 0.595216 0.001923
vt 0.551207 0.048117
vt 0.549892 0.001923
vt 0.814916 0.948071
vt 0.828266 0.902063
vt 0.823932 0.948071
vt 0.302265 0.302278
vt 0.348475 0.348046
vt 0.302265 0.348490
vt 0.907814 0.997910
vt 0.912321 0.951918
vt 0.916829 0.997910
vt 0.796016 0.952004
vt 0.800524 0.997996
vt 0.791508 0.997996
vt 0.148247 0.302278
vt 0.102037 0.348046
vt 0.102037 0.302722
vt 0.947006 0.652428
vt 0.960356 0.698437
vt 0.942671 0.698437
vt 0.251322 0.502476
vt 0.295332 0.548670
vt 0.252637 0.548670
vt 0.934451 0.252219
vt 0.912772 0.298258
vt 0.908777 0.252219
vt 0.647740 0.198263
vt 0.688299 0.152100
vt 0.686164 0.198263
vt 0.842387 0.048003
vt 0.813211 0.001923
vt 0.845888 0.001923
vt 0.498091 0.752478
vt 0.533642 0.798601
vt 0.500965 0.798601
vt 0.340689 0.752475
vt 0.305138 0.798598
vt 0.302265 0.752475
vt 0.805863 0.202070
vt 0.776687 0.248150
vt 0.780189 0.202070
vt 0.549892 0.252219
vt 0.593901 0.298412
vt 0.551207 0.298412
vt 0.938824 0.602418
vt 0.917145 0.648458
vt 0.913150 0.602418
vt 0.645110 0.448491
vt 0.685669 0.402328
vt 0.683534 0.448491
vt 0.805863 0.097972
vt 0.776688 0.051893
vt 0.809365 0.051893
vt 0.731787 0.702398
vt 0.767338 0.748520
vt 0.734661 0.748520
vt 0.302265 0.748628
vt 0.337815 0.702506
vt 0.340689 0.748628
vt 0.805863 0.102041
vt 0.776687 0.148121
vt 0.780189 0.102041
vt 0.683534 0.498500
vt 0.642975 0.452337
vt 0.685669 0.452337
vt 0.934451 0.348227
vt 0.912772 0.302188
vt 0.930457 0.302188
vt 0.549892 0.198294
vt 0.593901 0.152101
vt 0.595216 0.198294
vt 0.110839 0.902297
vt 0.097489 0.948306
vt 0.101824 0.902297
vt 0.048134 0.348490
vt 0.001923 0.302722
vt 0.048134 0.302278
vt 0.979652 0.098062
vt 0.979652 0.051850
vt 0.988624 0.097182
vt 0.270904 0.952073
vt 0.275411 0.998064
vt 0.266396 0.998064
vt 0.148247 0.352337
vt 0.102037 0.398105
vt 0.102037 0.352781
vt 0.015273 0.948306
vt 0.001923 0.902297
vt 0.019608 0.902297
vt 0.911933 0.148081
vt 0.890254 0.102041
vt 0.907938 0.102041
vt 0.500721 0.448552
vt 0.544730 0.402358
vt 0.546045 0.448552
vt 0.498755 0.948269
vt 0.485405 0.902260
vt 0.494421 0.902260
vt 0.202151 0.302278
vt 0.248361 0.348046
vt 0.202151 0.348490
vt 0.990334 0.303068
vt 0.981361 0.348400
vt 0.981361 0.302188
vt 0.584600 0.952085
vt 0.589108 0.998077
vt 0.580093 0.998077
vt 0.398532 0.001923
vt 0.352322 0.047692
vt 0.352322 0.002367
vt 0.510592 0.948269
vt 0.523942 0.902260
vt 0.528276 0.948269
vt 0.546045 0.248334
vt 0.502036 0.202141
vt 0.544730 0.202141
vt 0.909303 0.452171
vt 0.887624 0.498210
vt 0.883629 0.452171
vt 0.500226 0.648652
vt 0.540786 0.602489
vt 0.538651 0.648652
vt 0.780189 0.252219
vt 0.809365 0.298298
vt 0.776688 0.298298
vt 0.231772 0.798598
vt 0.196222 0.752476
vt 0.228899 0.752476
vt 0.731787 0.798490
vt 0.767338 0.752367
vt 0.770211 0.798490
vt 0.780189 0.348268
vt 0.809365 0.302188
vt 0.805863 0.348268
vt 0.148942 0.602527
vt 0.189501 0.648689
vt 0.146807 0.648689
vt 0.911933 0.152101
vt 0.890254 0.198140
vt 0.886259 0.152101
vt 0.389366 0.552517
vt 0.348806 0.598680
vt 0.350942 0.552517
vt 0.816713 0.051850
vt 0.845888 0.097929
vt 0.813211 0.097929
vt 0.734417 0.202070
vt 0.769967 0.248193
vt 0.737290 0.248193
vt 0.734417 0.298341
vt 0.769967 0.252219
vt 0.772841 0.298341
vt 0.816713 0.148121
vt 0.845888 0.102041
vt 0.842387 0.148121
vt 0.647740 0.302278
vt 0.688299 0.348441
vt 0.645604 0.348441
vt 0.911933 0.248066
vt 0.890254 0.202027
vt 0.907938 0.202027
vt 0.500721 0.498592
vt 0.544730 0.452399
vt 0.546045 0.498592
vt 0.976527 0.247995
vt 0.963177 0.201987
vt 0.972193 0.201987
vt 0.198304 0.348490
vt 0.152094 0.302722
vt 0.198304 0.302278
vt 0.985995 0.702675
vt 0.985995 0.748887
vt 0.977022 0.703555
vt 0.977022 0.752734
vt 0.985995 0.798067
vt 0.977022 0.798946
vt 0.298418 0.302278
vt 0.252208 0.348046
vt 0.252208 0.302722
vt 0.761308 0.948158
vt 0.774658 0.902149
vt 0.778993 0.948158
vt 0.496874 0.548633
vt 0.452865 0.502439
vt 0.495559 0.502439
vt 0.402379 0.348471
vt 0.446388 0.302278
vt 0.447703 0.348471
vt 0.973180 0.302188
vt 0.959830 0.348197
vt 0.964164 0.302188
vt 0.352322 0.302278
vt 0.398532 0.348046
vt 0.352322 0.348490
vt 0.984548 0.998066
vt 0.989055 0.952074
vt 0.993563 0.998066
vt 0.977022 0.652616
vt 0.985995 0.697949
vt 0.977022 0.698828
vt 0.398532 0.051982
vt 0.352322 0.097751
vt 0.352322 0.052426
vt 0.977553 0.398326
vt 0.964203 0.352318
vt 0.981887 0.352318
vt 0.347589 0.548670
vt 0.303580 0.502476
vt 0.346274 0.502476
vt 0.913150 0.448283
vt 0.934830 0.402244
vt 0.938824 0.448283
vt 0.538651 0.652499
vt 0.498091 0.698662
vt 0.500226 0.652499
vt 0.814083 0.352318
vt 0.843259 0.398397
vt 0.810582 0.398397
vt 0.387230 0.798598
vt 0.351680 0.752475
vt 0.384357 0.752475
vt 0.451550 0.798601
vt 0.487100 0.752478
vt 0.489974 0.798601
vt 0.814083 0.598445
vt 0.843259 0.552365
vt 0.839757 0.598445
vt 0.552027 0.402328
vt 0.592587 0.448491
vt 0.549892 0.448491
vt 0.913150 0.752240
vt 0.934830 0.798280
vt 0.917145 0.798280
vt 0.442938 0.602508
vt 0.402379 0.648671
vt 0.404514 0.602508
vt 0.814083 0.402244
vt 0.843259 0.448324
vt 0.810582 0.448324
vt 0.588316 0.798570
vt 0.552766 0.752448
vt 0.585443 0.752448
vt 0.596433 0.798570
vt 0.631984 0.752448
vt 0.634857 0.798570
vt 0.803234 0.552409
vt 0.774058 0.598488
vt 0.777559 0.552409
vt 0.598569 0.452337
vt 0.639128 0.498500
vt 0.596433 0.498500
vt 0.924819 0.898216
vt 0.903139 0.852177
vt 0.920824 0.852177
vt 0.447703 0.502458
vt 0.403694 0.548651
vt 0.402379 0.502458
vt 0.962985 0.047932
vt 0.949635 0.001923
vt 0.958651 0.001923
vt 0.001923 0.352337
vt 0.048134 0.398105
vt 0.001923 0.398549
vt 0.878293 0.997910
vt 0.882800 0.951918
vt 0.887308 0.997910
vt 0.985995 0.598710
vt 0.977022 0.553378
vt 0.985995 0.552498
vt 0.298418 0.352337
vt 0.252208 0.398105
vt 0.252208 0.352781
vt 0.950661 0.198109
vt 0.937311 0.152101
vt 0.954996 0.152101
vt 0.451550 0.152101
vt 0.495559 0.198294
vt 0.452865 0.198294
vt 0.913150 0.398357
vt 0.934830 0.352318
vt 0.938824 0.398357
vt 0.950661 0.201987
vt 0.937311 0.247995
vt 0.941646 0.201987
vt 0.202151 0.352337
vt 0.248361 0.398105
vt 0.202151 0.398549
vt 0.988624 0.102921
vt 0.979652 0.148254
vt 0.979652 0.102041
vt 0.554400 0.998077
vt 0.549892 0.952085
vt 0.558908 0.952085
vt 0.398532 0.152101
vt 0.352322 0.197869
vt 0.352322 0.152544
vt 0.947006 0.802250
vt 0.960356 0.848259
vt 0.942671 0.848259
vt 0.102037 0.402396
vt 0.146047 0.448589
vt 0.103352 0.448589
vt 0.913150 0.698467
vt 0.934830 0.652428
vt 0.938824 0.698467
vt 0.598569 0.448491
vt 0.639128 0.402328
vt 0.636993 0.448491
vt 0.814083 0.502439
vt 0.843259 0.548519
vt 0.810582 0.548519
vt 0.638704 0.752448
vt 0.674255 0.798570
vt 0.641578 0.798570
vt 0.082618 0.752515
vt 0.047068 0.798638
vt 0.044194 0.752515
vt 0.803233 0.702398
vt 0.774058 0.748477
vt 0.777559 0.702398
vt 0.686164 0.248304
vt 0.645604 0.202141
vt 0.688299 0.202141
vt 0.913150 0.502439
vt 0.934830 0.548478
vt 0.917145 0.548478
vt 0.396760 0.502476
vt 0.352751 0.548670
vt 0.351436 0.502476
vt 0.440803 0.798620
vt 0.405252 0.752497
vt 0.437929 0.752497
vt 0.040347 0.752516
vt 0.004797 0.798638
vt 0.001923 0.752516
vt 0.803233 0.452171
vt 0.774058 0.498250
vt 0.777559 0.452171
vt 0.552027 0.452338
vt 0.592587 0.498500
vt 0.549892 0.498500
vt 0.938824 0.748394
vt 0.917145 0.702354
vt 0.934830 0.702354
vt 0.496874 0.051982
vt 0.452865 0.098176
vt 0.451550 0.051982
vt 0.977514 0.298227
vt 0.964164 0.252219
vt 0.973180 0.252219
vt 0.098190 0.348490
vt 0.051980 0.302722
vt 0.098190 0.302278
vt 0.571770 0.952085
vt 0.567262 0.998077
vt 0.562754 0.952085
vt 0.980374 0.152101
vt 0.989347 0.197433
vt 0.980374 0.198313
vt 0.398532 0.202160
vt 0.352322 0.247928
vt 0.352322 0.202604
vt 0.942671 0.748363
vt 0.956021 0.702354
vt 0.960356 0.748363
vt 0.595216 0.348471
vt 0.551207 0.302278
vt 0.593901 0.302278
vt 0.915780 0.047963
vt 0.937459 0.001923
vt 0.941454 0.047963
vt 0.590451 0.602459
vt 0.549892 0.648621
vt 0.552027 0.602459
vt 0.780189 0.001923
vt 0.809365 0.048003
vt 0.776688 0.048003
vt 0.698532 0.952045
vt 0.694024 0.998037
vt 0.689516 0.952045
vt 0.600941 0.952085
vt 0.605449 0.998077
vt 0.596433 0.998077
vt 0.398532 0.102041
vt 0.352322 0.147810
vt 0.352322 0.102485
vt 0.947006 0.752240
vt 0.960356 0.798249
vt 0.942671 0.798249
vt 0.549892 0.051964
vt 0.593901 0.098157
vt 0.551207 0.098157
vt 0.915780 0.148081
vt 0.937459 0.102041
vt 0.941454 0.148081
vt 0.198113 0.648689
vt 0.238673 0.602527
vt 0.236537 0.648689
vt 0.777559 0.602418
vt 0.806735 0.648498
vt 0.774058 0.648498
vt 0.131789 0.798638
vt 0.096239 0.752515
vt 0.128916 0.752515
vt 0.178331 0.752516
vt 0.142780 0.798638
vt 0.139907 0.752516
vt 0.803234 0.502439
vt 0.774058 0.548519
vt 0.777559 0.502439
vt 0.291881 0.598680
vt 0.251322 0.552517
vt 0.294017 0.552517
vt 0.915780 0.051850
vt 0.937459 0.097889
vt 0.919775 0.097889
vt 0.451550 0.148235
vt 0.495559 0.102041
vt 0.496874 0.148235
vt 0.415729 0.902279
vt 0.402379 0.948287
vt 0.406713 0.902279
vt 0.198304 0.398549
vt 0.152094 0.352781
vt 0.198304 0.352337
vt 0.340689 0.652536
vt 0.305139 0.698659
vt 0.302265 0.652536
vt 0.777559 0.448324
vt 0.806735 0.402244
vt 0.803234 0.448324
vt 0.402379 0.698680
vt 0.442938 0.652518
vt 0.445073 0.698680
vt 0.938824 0.848289
vt 0.917145 0.802250
vt 0.934830 0.802250
vt 0.447703 0.152101
vt 0.403694 0.198294
vt 0.402379 0.152101
vt 0.955983 0.298227
vt 0.942632 0.252219
vt 0.951648 0.252219
vt 0.352322 0.352337
vt 0.398532 0.398105
vt 0.352322 0.398549
vt 0.617965 0.998076
vt 0.622473 0.952085
vt 0.626980 0.998076
vt 0.984548 0.898389
vt 0.984548 0.852177
vt 0.993520 0.853056
vt 0.348475 0.352337
vt 0.302265 0.398105
vt 0.302265 0.352781
vt 0.428245 0.902279
vt 0.441595 0.948287
vt 0.423910 0.948287
vt 0.402379 0.202141
vt 0.446388 0.248334
vt 0.403694 0.248334
vt 0.266396 0.848484
vt 0.288075 0.802445
vt 0.292070 0.848484
vt 0.549892 0.352318
vt 0.590451 0.398481
vt 0.552027 0.398481
vt 0.774058 0.398397
vt 0.803233 0.352318
vt 0.806735 0.398398
vt 0.242519 0.652536
vt 0.278070 0.698659
vt 0.245393 0.698659
vt 0.348806 0.652536
vt 0.228899 0.652536
vt 0.774058 0.698508
vt 0.099771 0.652536
vt 0.361307 0.898410
vt 0.403694 0.051982
vt 0.331786 0.948266
vt 0.152094 0.052426
vt 0.152094 0.001923
vt 0.365641 0.902257
vt 0.447703 0.001923
vt 0.802740 0.798363
vt 0.146807 0.698699
vt 0.878911 0.248106
vt 0.445073 0.598661
vt 0.005425 0.848565
vt 0.727940 0.598572
vt 0.585443 0.702478
vt 0.076871 0.848565
vt 0.639622 0.051964
vt 0.895298 0.898216
vt 0.452865 0.352318
vt 0.375313 0.848454
vt 0.098190 0.047692
vt 0.048134 0.198313
vt 0.652846 0.902229
vt 0.451550 0.498592
vt 0.853730 0.348227
vt 0.277890 0.702506
vt 0.148247 0.002367
vt 0.048134 0.048136
vt 0.951648 0.302188
vt 0.402379 0.398530
vt 0.455545 0.898413
vt 0.044618 0.698699
vt 0.816713 0.198180
vt 0.727940 0.748561
vt 0.725067 0.652468
vt 0.262549 0.848525
vt 0.686164 0.252219
vt 0.757461 0.898302
vt 0.446388 0.298412
vt 0.497322 0.848527
vt 0.692146 0.048046
vt 0.631984 0.748601
vt 0.879782 0.598445
vt 0.636993 0.352318
vt 0.575566 0.898383
vt 0.346274 0.448589
vt 0.041140 0.948306
vt 0.048134 0.052426
vt 0.198304 0.148254
vt 0.563242 0.902229
vt 0.451550 0.448552
vt 0.814576 0.898216
vt 0.592587 0.698631
vt 0.098190 0.152545
vt 0.148247 0.198313
vt 0.575758 0.902230
vt 0.447703 0.402377
vt 0.233867 0.852371
vt 0.685669 0.548602
vt 0.876281 0.752324
vt 0.689516 0.398441
vt 0.727696 0.348400
vt 0.334942 0.848524
vt 0.645110 0.598612
vt 0.793985 0.852263
vt 0.045933 0.498630
vt 0.960356 0.352318
vt 0.498091 0.748631
vt 0.727696 0.098056
vt 0.435056 0.848546
vt 0.598569 0.598612
vt 0.865777 0.898216
vt 0.495559 0.248334
vt 0.962985 0.148050
vt 0.051980 0.097751
vt 0.298418 0.098195
vt 0.956021 0.452171
vt 0.451550 0.298412
vt 0.618113 0.852343
vt 0.685669 0.398481
vt 0.876281 0.802250
vt 0.001923 0.202160
vt 0.963547 0.852177
vt 0.051094 0.498630
vt 0.629949 0.852343
vt 0.044618 0.598680
vt 0.878911 0.152101
vt 0.692146 0.148164
vt 0.727696 0.248264
vt 0.879782 0.648498
vt 0.552027 0.548602
vt 0.681149 0.852343
vt 0.144275 0.498630
vt 0.887308 0.902063
vt 0.202151 0.247928
vt 0.725067 0.448450
vt 0.086465 0.802485
vt 0.244655 0.648689
vt 0.185187 0.848524
vt 0.193446 0.498630
vt 0.942671 0.548448
vt 0.148247 0.102486
vt 0.248361 0.198313
vt 0.956021 0.552325
vt 0.402379 0.498611
vt 0.871415 0.252219
vt 0.344959 0.648689
vt 0.152165 0.802485
vt 0.642975 0.748601
vt 0.102037 0.202160
vt 0.920114 0.152101
vt 0.001923 0.448589
vt 0.323944 0.898410
vt 0.641758 0.148204
vt 0.853237 0.097929
vt 0.139907 0.748669
vt 0.228899 0.748629
vt 0.882412 0.048003
vt 0.601198 0.048086
vt 0.510592 0.898413
vt 0.196104 0.448589
vt 0.933464 0.201987
vt 0.198304 0.202604
vt 0.879782 0.398397
vt 0.601198 0.198263
vt 0.428053 0.898432
vt 0.045933 0.548670
vt 0.044986 0.948306
vt 0.102037 0.097751
vt 0.298418 0.148254
vt 0.674378 0.902229
vt 0.198608 0.498630
vt 0.485066 0.898413
vt 0.093789 0.598680
vt 0.850607 0.448324
vt 0.689516 0.498460
vt 0.725067 0.648581
vt 0.100266 0.548670
vt 0.887624 0.698467
vt 0.592587 0.598612
vt 0.816713 0.348268
vt 0.402379 0.748650
vt 0.037474 0.748669
vt 0.371466 0.848524
vt 0.350942 0.648689
vt 0.185187 0.898410
vt 0.544730 0.298412
vt 0.942671 0.602211
vt 0.252208 0.047692
vt 0.198304 0.198313
vt 0.796190 0.902149
vt 0.064121 0.898451
vt 0.296217 0.448589
vt 0.614118 0.948238
vt 0.202151 0.047692
vt 0.048134 0.148254
vt 0.631315 0.902229
vt 0.202151 0.448589
vt 0.693511 0.898343
vt 0.685669 0.648621
vt 0.850607 0.698508
vt 0.348806 0.748629
vt 0.133186 0.748669
vt 0.882412 0.148121
vt 0.102401 0.598680
vt 0.089648 0.898451
vt 0.641758 0.248304
vt 0.196850 0.848525
vt 0.731787 0.448450
vt 0.271170 0.798598
vt 0.484227 0.848527
vt 0.601198 0.298382
vt 0.097489 0.898451
vt 0.295332 0.498630
vt 0.262085 0.902257
vt 0.252208 0.197869
vt 0.098190 0.248372
vt 0.956021 0.448213
vt 0.549892 0.148235
vt 0.495559 0.348471
vt 0.689516 0.902189
vt 0.152094 0.297987
vt 0.248361 0.098195
vt 0.903479 0.948071
vt 0.051095 0.548670
vt 0.197343 0.898410
vt 0.344959 0.598680
vt 0.850607 0.498250
vt 0.731787 0.698551
vt 0.767338 0.398441
vt 0.879782 0.548518
vt 0.151572 0.598680
vt 0.152684 0.898451
vt 0.494244 0.598642
vt 0.814083 0.648498
vt 0.051095 0.748669
vt 0.767338 0.498460
vt 0.843259 0.698508
vt 0.200743 0.598680
vt 0.904930 0.298258
vt 0.593901 0.248334
vt 0.857787 0.948071
vt 0.098190 0.102485
vt 0.298418 0.248372
vt 0.163847 0.948266
vt 0.149437 0.548670
vt 0.005918 0.898451
vt 0.266396 0.948226
vt 0.248361 0.252663
vt 0.048134 0.298431
vt 0.949635 0.051850
vt 0.402379 0.148235
vt 0.887624 0.548478
vt 0.688299 0.048086
vt 0.814083 0.848330
vt 0.689516 0.548562
vt 0.271170 0.748629
vt 0.764464 0.848416
vt 0.053230 0.698699
vt 0.909303 0.598405
vt 0.544730 0.348471
vt 0.816713 0.298298
vt 0.731787 0.548562
vt 0.769967 0.048046
vt 0.847106 0.702354
vt 0.453685 0.698662
vt 0.331786 0.898410
vt 0.346274 0.498629
vt 0.451550 0.948269
vt 0.298418 0.252663
vt 0.302265 0.051982
vt 0.954532 0.902032
vt 0.351436 0.498630
vt 0.288075 0.898370
vt 0.044618 0.648689
vt 0.098190 0.252663
vt 0.348475 0.148254
vt 0.282225 0.752361
vt 0.500721 0.398512
vt 0.883251 0.348227
vt 0.639128 0.648621
vt 0.797486 0.802337
vt 0.692146 0.198223
vt 0.727696 0.298341
vt 0.689516 0.802377
vt 0.453685 0.648652
vt 0.909303 0.398357
vt 0.242617 0.548670
vt 0.928666 0.898185
vt 0.734417 0.148164
vt 0.769967 0.198223
vt 0.549892 0.802417
vt 0.598569 0.698631
vt 0.886259 0.047963
vt 0.544730 0.048117
vt 0.067968 0.948306
vt 0.202151 0.147810
vt 0.348475 0.048136
vt 0.963177 0.198109
vt 0.352322 0.448589
vt 0.887624 0.748394
vt 0.540786 0.598642
vt 0.842387 0.202027
vt 0.102037 0.252219
vt 0.306599 0.948266
vt 0.500721 0.098157
vt 0.907938 0.097889
vt 0.093789 0.648689
vt 0.625609 0.802417
vt 0.689516 0.798530
vt 0.487100 0.748631
vt 0.632957 0.802417
vt 0.647740 0.098096
vt 0.909304 0.602418
vt 0.544730 0.148235
vt 0.731787 0.902149
vt 0.352322 0.297987
vt 0.843259 0.748477
vt 0.645110 0.698631
vt 0.883629 0.798320
vt 0.544730 0.198294
vt 0.127010 0.948306
vt 0.348475 0.252663
vt 0.348475 0.198313
vt 0.206698 0.948266
vt 0.500721 0.548633
vt 0.905309 0.848290
vt 0.097636 0.602526
vt 0.814083 0.798403
vt 0.772841 0.302188
vt 0.737290 0.051933
vt 0.236219 0.902257
vt 0.096419 0.402396
vt 0.917145 0.598364
vt 0.645604 0.102041
vt 0.814083 0.498250
vt 0.731787 0.598572
vt 0.767338 0.648541
vt 0.809364 0.198180
vt 0.639623 0.302278
vt 0.883629 0.448283
vt 0.495559 0.048117
vt 0.946350 0.948040
vt 0.098190 0.352781
vt 0.348475 0.248372
vt 0.598569 0.548602
vt 0.913150 0.498210
vt 0.593901 0.048117
vt 0.810582 0.902063
vt 0.348475 0.302722
vt 0.148247 0.348490
vt 0.956021 0.652428
vt 0.296646 0.502476
vt 0.930456 0.298258
vt 0.645604 0.152100
vt 0.816713 0.048003
vt 0.536515 0.752478
vt 0.337815 0.798598
vt 0.809364 0.248150
vt 0.595216 0.252219
vt 0.934830 0.648458
vt 0.642975 0.402328
vt 0.780189 0.097972
vt 0.770211 0.702398
vt 0.305138 0.702506
vt 0.809364 0.148121
vt 0.645110 0.498500
vt 0.908777 0.348227
vt 0.551207 0.152101
vt 0.115174 0.948306
vt 0.001923 0.348046
vt 0.148247 0.398549
vt 0.006258 0.948306
vt 0.886259 0.148081
vt 0.502036 0.402358
vt 0.481071 0.948269
vt 0.248361 0.302722
vt 0.398532 0.048136
vt 0.514926 0.902260
vt 0.500721 0.248334
vt 0.905309 0.498210
vt 0.498091 0.602489
vt 0.805863 0.252219
vt 0.193348 0.798598
vt 0.734661 0.752367
vt 0.776688 0.302188
vt 0.187366 0.602527
vt 0.907938 0.198140
vt 0.391501 0.598680
vt 0.842387 0.051850
vt 0.772841 0.202070
vt 0.737290 0.252219
vt 0.813211 0.102041
vt 0.686164 0.302278
vt 0.886259 0.248066
vt 0.502036 0.452399
vt 0.958843 0.247995
vt 0.152094 0.348046
vt 0.298418 0.348490
vt 0.765643 0.902149
vt 0.451550 0.548633
vt 0.403694 0.302278
vt 0.977514 0.348197
vt 0.398532 0.302722
vt 0.398532 0.098195
vt 0.968537 0.398326
vt 0.302265 0.548670
vt 0.917145 0.402244
vt 0.540786 0.698662
vt 0.839757 0.352318
vt 0.348806 0.798598
vt 0.454423 0.752478
vt 0.810582 0.552365
vt 0.590451 0.402328
vt 0.938824 0.752240
vt 0.445073 0.648671
vt 0.839757 0.402244
vt 0.549892 0.798570
vt 0.599307 0.752448
vt 0.806735 0.598488
vt 0.636993 0.452337
vt 0.899145 0.898216
vt 0.446388 0.548651
vt 0.945301 0.047932
vt 0.048134 0.352781
vt 0.298418 0.398549
vt 0.941646 0.198109
vt 0.496874 0.152101
vt 0.917145 0.352318
vt 0.954996 0.247995
vt 0.248361 0.352781
vt 0.398532 0.198313
vt 0.956021 0.802250
vt 0.147362 0.402396
vt 0.917145 0.652428
vt 0.596433 0.402328
vt 0.839757 0.502439
vt 0.677128 0.752448
vt 0.079745 0.798638
vt 0.806735 0.748477
vt 0.647740 0.248304
vt 0.938825 0.502439
vt 0.395445 0.548670
vt 0.402379 0.798619
vt 0.037474 0.798638
vt 0.806735 0.498250
vt 0.590451 0.452337
vt 0.913150 0.748394
vt 0.495559 0.098176
vt 0.959829 0.298227
vt 0.051980 0.348046
vt 0.398532 0.248372
vt 0.947006 0.702354
vt 0.549892 0.348471
vt 0.919775 0.001923
vt 0.592587 0.648621
vt 0.805863 0.001923
vt 0.398532 0.148254
vt 0.956021 0.752240
vt 0.595216 0.051964
vt 0.919775 0.102041
vt 0.195978 0.602527
vt 0.803234 0.602418
vt 0.093365 0.798638
vt 0.175457 0.798638
vt 0.806735 0.548519
vt 0.253457 0.598680
vt 0.941454 0.051850
vt 0.452865 0.102041
vt 0.420063 0.948287
vt 0.152094 0.398105
vt 0.337816 0.698659
vt 0.774058 0.402244
vt 0.404514 0.652517
vt 0.913150 0.848289
vt 0.446388 0.198294
vt 0.938298 0.298227
vt 0.398532 0.352781
vt 0.348475 0.398549
vt 0.437260 0.902279
vt 0.447703 0.202141
vt 0.270390 0.802445
vt 0.592587 0.352318
vt 0.777559 0.352318
vt 0.280943 0.652536
vt 0.999814 0.818924
vt 0.763469 0.480354
vt 0.999814 0.413460
vt 0.763469 0.080618
vt 0.995556 0.000186
vt 0.995556 0.413089
vt 0.381456 0.158685
vt 0.000186 0.599639
vt 0.000186 0.000186
vt 0.381827 0.138151
vt 0.763097 0.599639
vt 0.381827 0.461674
vt 0.244956 0.620544
vt 0.000186 0.923533
vt 0.000186 0.600010
vt 0.381456 0.441140
vt 0.763097 0.000186
vt 0.244956 0.902999
vt 0.594573 0.716229
vt 0.521402 0.777618
vt 0.532649 0.711715
vt 0.591413 0.632633
vt 0.526187 0.647651
vt 0.561092 0.556562
vt 0.503709 0.590523
vt 0.509102 0.499926
vt 0.468910 0.544374
vt 0.404225 0.957954
vt 0.339235 0.998305
vt 0.395138 0.946077
vt 0.469074 0.917351
vt 0.449686 0.896232
vt 0.527052 0.864480
vt 0.492944 0.840320
vt 0.571391 0.796245
vt 0.428660 0.879917
vt 0.460268 0.823816
vt 0.478337 0.767071
vt 0.483177 0.711842
vt 0.475942 0.660610
vt 0.458429 0.615478
vt 0.432605 0.578137
vt 0.339160 0.996580
vt 0.384258 0.936141
vt 0.435465 0.671584
vt 0.421685 0.634606
vt 0.402112 0.603726
vt 0.337665 0.994204
vt 0.372094 0.928171
vt 0.407036 0.867702
vt 0.429654 0.812764
vt 0.440939 0.761356
vt 0.442366 0.714038
vt 0.401095 0.805541
vt 0.407936 0.758504
vt 0.407652 0.716962
vt 0.401644 0.680610
vt 0.390992 0.649280
vt 0.376311 0.623053
vt 0.334601 0.991776
vt 0.359035 0.922072
vt 0.385380 0.858855
vt 0.364535 0.660262
vt 0.353941 0.637292
vt 0.330107 0.989675
vt 0.345371 0.917715
vt 0.363954 0.852756
vt 0.374303 0.801021
vt 0.378209 0.757320
vt 0.377211 0.719877
vt 0.372403 0.687722
vt 0.350787 0.757076
vt 0.349663 0.722360
vt 0.346225 0.692945
vt 0.340930 0.668009
vt 0.333890 0.647177
vt 0.324413 0.988156
vt 0.331314 0.914964
vt 0.342827 0.848928
vt 0.348872 0.798452
vt 0.317792 0.987372
vt 0.317022 0.913700
vt 0.321958 0.847037
vt 0.324351 0.797359
vt 0.324817 0.757340
vt 0.323888 0.724171
vt 0.321911 0.696294
vt 0.319110 0.672779
vt 0.315507 0.653171
vt 0.299520 0.757885
vt 0.298902 0.725176
vt 0.298375 0.697756
vt 0.297901 0.674655
vt 0.297446 0.655220
vt 0.310530 0.987390
vt 0.302619 0.913833
vt 0.301249 0.846884
vt 0.300276 0.797485
vt 0.280556 0.847866
vt 0.276208 0.798291
vt 0.274215 0.758301
vt 0.273900 0.725122
vt 0.274823 0.697228
vt 0.276688 0.673706
vt 0.279408 0.654085
vt 0.297766 0.987665
vt 0.288221 0.914298
vt 0.250462 0.694797
vt 0.254833 0.669841
vt 0.260990 0.649084
vt 0.290517 0.987976
vt 0.273986 0.916157
vt 0.259761 0.850594
vt 0.251723 0.800333
vt 0.248236 0.759011
vt 0.248085 0.724265
vt 0.238773 0.855273
vt 0.226365 0.803887
vt 0.220801 0.760267
vt 0.220463 0.722749
vt 0.224202 0.690457
vt 0.231219 0.662893
vt 0.241113 0.639950
vt 0.283946 0.989066
vt 0.260043 0.919495
vt 0.194766 0.684209
vt 0.204642 0.652579
vt 0.218858 0.626209
vt 0.278337 0.990850
vt 0.246555 0.924428
vt 0.217564 0.862247
vt 0.199693 0.809454
vt 0.191049 0.762541
vt 0.189874 0.720853
vt 0.171326 0.817821
vt 0.158010 0.766624
vt 0.154886 0.719072
vt 0.160521 0.676078
vt 0.173547 0.638440
vt 0.192938 0.607021
vt 0.273957 0.993165
vt 0.233741 0.931084
vt 0.196226 0.871997
vt 0.135839 0.619763
vt 0.161741 0.581127
vt 0.271026 0.995742
vt 0.221901 0.939583
vt 0.175052 0.885139
vt 0.141023 0.830151
vt 0.120585 0.773805
vt 0.113624 0.718279
vt 0.119224 0.666160
vt 0.077587 0.786184
vt 0.063508 0.720054
vt 0.067556 0.654692
vt 0.088584 0.595340
vt 0.123559 0.546596
vt 0.269662 0.998193
vt 0.211427 0.950001
vt 0.154652 0.902388
vt 0.108865 0.848099
vt 0.078466 0.500325
vt 0.269685 0.999923
vt 0.202833 0.962291
vt 0.136114 0.924402
vt 0.075618 0.873862
vt 0.027954 0.807156
vt 0.000857 0.727347
vt 0.000077 0.642173
vt 0.027343 0.562480
vt 0.028845 0.191935
vt 0.110223 0.151282
vt 0.078548 0.213224
vt 0.001237 0.271930
vt 0.064117 0.279530
vt 0.000077 0.357505
vt 0.067918 0.345178
vt 0.027208 0.437712
vt 0.088842 0.404866
vt 0.123863 0.453930
vt 0.204972 0.037387
vt 0.272135 0.000077
vt 0.213509 0.049745
vt 0.137939 0.074957
vt 0.156392 0.097115
vt 0.077023 0.125275
vt 0.136354 0.380472
vt 0.162259 0.419323
vt 0.272092 0.001810
vt 0.223939 0.060236
vt 0.176741 0.114500
vt 0.142377 0.169431
vt 0.121630 0.225835
vt 0.114412 0.281513
vt 0.119832 0.333844
vt 0.159137 0.233190
vt 0.155821 0.280872
vt 0.161312 0.324030
vt 0.174235 0.361838
vt 0.193568 0.393395
vt 0.273430 0.004278
vt 0.235747 0.068809
vt 0.197887 0.127768
vt 0.172697 0.181925
vt 0.276336 0.006884
vt 0.248537 0.075540
vt 0.219211 0.137632
vt 0.201091 0.190427
vt 0.192256 0.237407
vt 0.190936 0.279208
vt 0.195714 0.315992
vt 0.205474 0.347770
vt 0.219489 0.374218
vt 0.222079 0.239784
vt 0.221642 0.277399
vt 0.225319 0.309824
vt 0.232290 0.337574
vt 0.242122 0.360835
vt 0.280692 0.009238
vt 0.262010 0.080548
vt 0.240415 0.144708
vt 0.227791 0.196105
vt 0.275942 0.083960
vt 0.261402 0.149481
vt 0.253172 0.199751
vt 0.249569 0.241116
vt 0.249358 0.275936
vt 0.251728 0.305514
vt 0.256149 0.330641
vt 0.262450 0.351696
vt 0.286282 0.011069
vt 0.275229 0.275097
vt 0.276174 0.303050
vt 0.278124 0.326657
vt 0.281021 0.346379
vt 0.292841 0.012211
vt 0.290169 0.085891
vt 0.282196 0.152295
vt 0.277671 0.201871
vt 0.275580 0.241881
vt 0.302886 0.153360
vt 0.301741 0.202748
vt 0.300892 0.242340
vt 0.300246 0.275042
vt 0.299752 0.302457
vt 0.299384 0.325553
vt 0.299134 0.344987
vt 0.300082 0.012578
vt 0.304564 0.086428
vt 0.320541 0.327273
vt 0.317116 0.346776
vt 0.312842 0.012930
vt 0.318963 0.086634
vt 0.323588 0.153291
vt 0.325803 0.202946
vt 0.326172 0.242927
vt 0.325207 0.276046
vt 0.323253 0.303853
vt 0.350300 0.201931
vt 0.352098 0.243246
vt 0.350916 0.277873
vt 0.347473 0.307166
vt 0.342232 0.331919
vt 0.335347 0.352445
vt 0.320106 0.013004
vt 0.333254 0.085443
vt 0.344448 0.151487
vt 0.365577 0.339676
vt 0.354928 0.362307
vt 0.326736 0.012272
vt 0.347314 0.082766
vt 0.365567 0.147753
vt 0.375696 0.199454
vt 0.379453 0.243077
vt 0.378358 0.280408
vt 0.373489 0.312416
vt 0.409098 0.241996
vt 0.408669 0.283409
vt 0.402548 0.319606
vt 0.391778 0.350775
vt 0.376886 0.376902
vt 0.332443 0.010801
vt 0.360987 0.078485
vt 0.386987 0.141759
vt 0.402448 0.195045
vt 0.402667 0.396256
vt 0.336957 0.008741
vt 0.374062 0.072465
vt 0.408645 0.133028
vt 0.430967 0.187957
vt 0.442009 0.239276
vt 0.443246 0.286448
vt 0.436201 0.328727
vt 0.422314 0.365525
vt 0.479311 0.233733
vt 0.483901 0.288793
vt 0.476490 0.339806
vt 0.458880 0.384705
vt 0.433039 0.421831
vt 0.340044 0.006344
vt 0.386250 0.064572
vt 0.430285 0.120942
vt 0.461550 0.177071
vt 0.469143 0.455548
vt 0.341562 0.003986
vt 0.397167 0.054713
vt 0.451350 0.104770
vt 0.494214 0.160769
vt 0.522276 0.223413
vt 0.533184 0.289119
vt 0.526491 0.352892
vt 0.503915 0.409698
vt 0.594865 0.284892
vt 0.591368 0.368079
vt 0.560952 0.443669
vt 0.341656 0.002267
vt 0.406305 0.042909
vt 0.470810 0.083802
vt 0.528347 0.136857
vt 0.572172 0.205096
vt 0.033099 0.666802
vt 0.000401 0.333199
vt 0.033099 0.333199
vt 0.301100 0.666802
vt 0.268401 0.333199
vt 0.301100 0.333199
vt 0.167100 0.666802
vt 0.134401 0.333199
vt 0.167100 0.333199
vt 0.999599 0.033901
vt 0.665996 0.066599
vt 0.665996 0.033901
vt 0.999599 0.301901
vt 0.665996 0.334600
vt 0.665996 0.301901
vt 0.569100 0.666802
vt 0.536402 0.333199
vt 0.569100 0.333199
vt 0.334600 0.666802
vt 0.301901 0.333199
vt 0.334600 0.333199
vt 0.999599 0.167901
vt 0.665996 0.200600
vt 0.665996 0.167901
vt 0.999599 0.201401
vt 0.665996 0.234100
vt 0.665996 0.201401
vt 0.368100 0.666802
vt 0.335401 0.333199
vt 0.368100 0.333199
vt 0.602600 0.666802
vt 0.569902 0.333199
vt 0.602600 0.333199
vt 0.999599 0.335401
vt 0.665996 0.368100
vt 0.665996 0.335401
vt 0.999599 0.368901
vt 0.665996 0.401600
vt 0.665996 0.368901
vt 0.636101 0.666802
vt 0.603402 0.333199
vt 0.636101 0.333199
vt 0.401600 0.666802
vt 0.368901 0.333199
vt 0.401600 0.333199
vt 0.999599 0.234901
vt 0.665996 0.267600
vt 0.665996 0.234901
vt 0.999599 0.268401
vt 0.665996 0.301100
vt 0.665996 0.268401
vt 0.435100 0.666802
vt 0.402401 0.333199
vt 0.435100 0.333199
vt 0.999599 0.000401
vt 0.665996 0.033099
vt 0.665996 0.000401
vt 0.999599 0.402401
vt 0.665996 0.435100
vt 0.665996 0.402401
vt 0.999599 0.067401
vt 0.665996 0.100100
vt 0.665996 0.067401
vt 0.200600 0.666802
vt 0.167901 0.333199
vt 0.200600 0.333199
vt 0.468600 0.666802
vt 0.435901 0.333199
vt 0.468600 0.333199
vt 0.066600 0.666802
vt 0.033901 0.333199
vt 0.066600 0.333199
vt 0.100100 0.666802
vt 0.067401 0.333199
vt 0.100100 0.333199
vt 0.502100 0.666802
vt 0.469401 0.333199
vt 0.502100 0.333199
vt 0.234100 0.666802
vt 0.201401 0.333199
vt 0.234100 0.333199
vt 0.999599 0.100901
vt 0.665996 0.133600
vt 0.665996 0.100901
vt 0.999599 0.134401
vt 0.665996 0.167100
vt 0.665996 0.134401
vt 0.267600 0.666802
vt 0.234901 0.333199
vt 0.267600 0.333199
vt 0.393379 0.037460
vt 0.628136 0.060581
vt 0.605015 0.295338
vt 0.535600 0.666802
vt 0.502901 0.333199
vt 0.535600 0.333199
vt 0.133600 0.666802
vt 0.100901 0.333199
vt 0.133600 0.333199
vt 0.326018 0.117979
vt 0.214819 0.326018
vt 0.006780 0.214819
vt 0.000401 0.666802
vt 0.268401 0.666802
vt 0.134401 0.666802
vt 0.999599 0.066599
vt 0.999599 0.334600
vt 0.536402 0.666802
vt 0.301901 0.666802
vt 0.999599 0.200600
vt 0.999599 0.234100
vt 0.335401 0.666802
vt 0.569902 0.666802
vt 0.999599 0.368100
vt 0.999599 0.401600
vt 0.603402 0.666802
vt 0.368901 0.666802
vt 0.999599 0.267600
vt 0.999599 0.301100
vt 0.402401 0.666802
vt 0.999599 0.033099
vt 0.999599 0.435100
vt 0.999599 0.100100
vt 0.167901 0.666802
vt 0.435901 0.666802
vt 0.033901 0.666802
vt 0.067401 0.666802
vt 0.469401 0.666802
vt 0.201401 0.666802
vt 0.999599 0.133600
vt 0.999599 0.167100
vt 0.234901 0.666802
vt 0.577826 0.313505
vt 0.547617 0.326018
vt 0.515546 0.332397
vt 0.482847 0.332397
vt 0.450777 0.326018
vt 0.420567 0.313505
vt 0.393379 0.295338
vt 0.370257 0.272217
vt 0.352091 0.245029
vt 0.339578 0.214819
vt 0.333199 0.182748
vt 0.333199 0.150049
vt 0.339578 0.117979
vt 0.352091 0.087769
vt 0.370257 0.060581
vt 0.420567 0.019293
vt 0.515546 0.000401
vt 0.450777 0.006780
vt 0.482847 0.000401
vt 0.547617 0.006780
vt 0.577826 0.019293
vt 0.605015 0.037460
vt 0.646303 0.087769
vt 0.665195 0.182748
vt 0.658816 0.117979
vt 0.665195 0.150049
vt 0.658816 0.214819
vt 0.646303 0.245029
vt 0.628136 0.272217
vt 0.502901 0.666802
vt 0.100901 0.666802
vt 0.000401 0.182748
vt 0.000401 0.150050
vt 0.006780 0.117979
vt 0.019293 0.087769
vt 0.037460 0.060581
vt 0.060581 0.037460
vt 0.087769 0.019293
vt 0.117979 0.006780
vt 0.150050 0.000401
vt 0.182748 0.000401
vt 0.214819 0.006780
vt 0.245029 0.019293
vt 0.272217 0.037460
vt 0.295338 0.060581
vt 0.313505 0.087769
vt 0.332397 0.150050
vt 0.332397 0.182748
vt 0.326018 0.214819
vt 0.313505 0.245029
vt 0.295338 0.272217
vt 0.272217 0.295338
vt 0.245029 0.313505
vt 0.182748 0.332397
vt 0.150050 0.332397
vt 0.117979 0.326018
vt 0.087769 0.313505
vt 0.060581 0.295338
vt 0.037460 0.272217
vt 0.019293 0.245029
s 0
usemtl マテリアル.003
f 479/1/1 17/2/1 18/3/1
f 476/4/2 11/5/2 2/6/2
f 479/7/3 19/8/3 480/9/3
f 477/10/4 11/11/4 12/12/4
f 480/13/5 20/14/5 481/15/5
f 3/16/6 12/17/6 13/18/6
f 481/19/7 21/20/7 482/21/7
f 3/22/8 14/23/8 4/24/8
f 474/25/9 82/26/9 7/27/9
f 308/28/10 482/29/10 21/30/10
f 4/31/11 15/32/11 5/33/11
f 475/34/12 7/35/12 8/36/12
f 5/37/13 16/38/13 478/39/13
f 1/40/14 8/41/14 9/42/14
f 478/43/15 17/44/15 6/45/15
f 476/46/16 9/47/16 10/48/16
f 17/49/17 31/50/17 32/51/17
f 9/52/18 25/53/18 10/54/18
f 18/55/19 32/56/19 33/57/19
f 10/58/20 26/59/20 11/60/20
f 19/61/21 33/62/21 34/63/21
f 11/64/22 27/65/22 12/66/22
f 20/67/23 34/68/23 35/69/23
f 13/70/24 27/71/24 28/72/24
f 20/73/25 36/74/25 21/75/25
f 13/76/26 29/77/26 14/78/26
f 7/79/27 82/80/27 22/81/27
f 308/82/28 21/83/28 36/84/28
f 14/85/29 30/86/29 15/87/29
f 7/88/30 23/89/30 8/90/30
f 15/91/31 31/92/31 16/93/31
f 8/94/32 24/95/32 9/96/32
f 36/97/33 50/98/33 51/99/33
f 29/100/34 43/101/34 44/102/34
f 22/103/35 82/104/35 37/105/35
f 308/106/36 36/107/36 51/108/36
f 29/109/37 45/110/37 30/111/37
f 22/112/38 38/113/38 23/114/38
f 30/115/39 46/116/39 31/117/39
f 23/118/40 39/119/40 24/120/40
f 32/121/41 46/122/41 47/123/41
f 24/124/42 40/125/42 25/126/42
f 33/127/43 47/128/43 48/129/43
f 25/130/44 41/131/44 26/132/44
f 34/133/45 48/134/45 49/135/45
f 26/136/46 42/137/46 27/138/46
f 35/139/47 49/140/47 50/141/47
f 28/142/48 42/143/48 43/144/48
f 39/145/49 55/146/49 40/147/49
f 47/148/50 63/149/50 48/150/50
f 41/151/51 55/152/51 56/153/51
f 49/154/52 63/155/52 64/156/52
f 41/157/53 57/158/53 42/159/53
f 50/160/54 64/161/54 65/162/54
f 43/163/55 57/164/55 58/165/55
f 51/166/56 65/167/56 66/168/56
f 44/169/57 58/170/57 59/171/57
f 37/172/58 82/173/58 52/174/58
f 308/175/59 51/176/59 66/177/59
f 44/178/60 60/179/60 45/180/60
f 37/181/61 53/182/61 38/183/61
f 45/184/62 61/185/62 46/186/62
f 38/187/63 54/188/63 39/189/63
f 47/190/64 61/191/64 62/192/64
f 59/193/65 73/194/65 74/195/65
f 52/196/66 82/197/66 67/198/66
f 308/199/67 66/200/67 81/201/67
f 59/202/68 75/203/68 60/204/68
f 53/205/69 67/206/69 68/207/69
f 60/208/70 76/209/70 61/210/70
f 54/211/71 68/212/71 69/213/71
f 62/214/72 76/215/72 77/216/72
f 54/217/73 70/218/73 55/219/73
f 62/220/74 78/221/74 63/222/74
f 56/223/75 70/224/75 71/225/75
f 64/226/76 78/227/76 79/228/76
f 56/229/77 72/230/77 57/231/77
f 64/232/78 80/233/78 65/234/78
f 58/235/79 72/236/79 73/237/79
f 65/238/80 81/239/80 66/240/80
f 77/241/81 94/242/81 78/243/81
f 71/244/82 86/245/82 87/246/82
f 79/247/83 94/248/83 95/249/83
f 71/250/84 88/251/84 72/252/84
f 80/253/85 95/254/85 96/255/85
f 73/256/86 88/257/86 89/258/86
f 81/259/87 96/260/87 97/261/87
f 74/262/88 89/263/88 90/264/88
f 67/265/89 82/266/89 83/267/89
f 308/268/90 81/269/90 97/270/90
f 74/271/91 91/272/91 75/273/91
f 67/274/92 84/275/92 68/276/92
f 75/277/93 92/278/93 76/279/93
f 68/280/94 85/281/94 69/282/94
f 77/283/95 92/284/95 93/285/95
f 69/286/96 86/287/96 70/288/96
f 83/289/97 82/290/97 98/291/97
f 308/292/98 97/293/98 112/294/98
f 90/295/99 106/296/99 91/297/99
f 83/298/100 99/299/100 84/300/100
f 91/301/101 107/302/101 92/303/101
f 85/304/102 99/305/102 100/306/102
f 93/307/103 107/308/103 108/309/103
f 85/310/104 101/311/104 86/312/104
f 93/313/105 109/314/105 94/315/105
f 87/316/106 101/317/106 102/318/106
f 95/319/107 109/320/107 110/321/107
f 87/322/108 103/323/108 88/324/108
f 95/325/109 111/326/109 96/327/109
f 89/328/110 103/329/110 104/330/110
f 96/331/111 112/332/111 97/333/111
f 90/334/112 104/335/112 105/336/112
f 102/337/113 116/338/113 117/339/113
f 110/340/114 124/341/114 125/342/114
f 102/343/115 118/344/115 103/345/115
f 111/346/116 125/347/116 126/348/116
f 104/349/117 118/350/117 119/351/117
f 111/352/118 127/353/118 112/354/118
f 105/355/119 119/356/119 120/357/119
f 98/358/120 82/359/120 113/360/120
f 308/361/121 112/362/121 127/363/121
f 105/364/122 121/365/122 106/366/122
f 98/367/123 114/368/123 99/369/123
f 106/370/124 122/371/124 107/372/124
f 99/373/125 115/374/125 100/375/125
f 108/376/126 122/377/126 123/378/126
f 100/379/127 116/380/127 101/381/127
f 108/382/128 124/383/128 109/384/128
f 120/385/129 136/386/129 121/387/129
f 114/388/130 128/389/130 129/390/130
f 121/391/131 137/392/131 122/393/131
f 115/394/132 129/395/132 130/396/132
f 123/397/133 137/398/133 138/399/133
f 115/400/134 131/401/134 116/402/134
f 123/403/135 139/404/135 124/405/135
f 117/406/136 131/407/136 132/408/136
f 125/409/137 139/410/137 140/411/137
f 117/412/138 133/413/138 118/414/138
f 125/415/139 141/416/139 126/417/139
f 119/418/140 133/419/140 134/420/140
f 126/421/141 142/422/141 127/423/141
f 120/424/142 134/425/142 135/426/142
f 113/427/143 82/428/143 128/429/143
f 308/430/144 127/431/144 142/432/144
f 140/433/145 154/434/145 155/435/145
f 132/436/146 148/437/146 133/438/146
f 141/439/147 155/440/147 156/441/147
f 134/442/148 148/443/148 149/444/148
f 141/445/149 157/446/149 142/447/149
f 135/448/150 149/449/150 150/450/150
f 128/451/151 82/452/151 143/453/151
f 308/454/152 142/455/152 157/456/152
f 135/457/153 151/458/153 136/459/153
f 128/460/154 144/461/154 129/462/154
f 136/463/155 152/464/155 137/465/155
f 129/466/156 145/467/156 130/468/156
f 138/469/157 152/470/157 153/471/157
f 130/472/158 146/473/158 131/474/158
f 138/475/159 154/476/159 139/477/159
f 132/478/160 146/479/160 147/480/160
f 151/481/161 167/482/161 152/483/161
f 144/484/162 160/485/162 145/486/162
f 153/487/163 167/488/163 168/489/163
f 145/490/164 161/491/164 146/492/164
f 153/493/165 169/494/165 154/495/165
f 147/496/166 161/497/166 162/498/166
f 155/499/167 169/500/167 170/501/167
f 147/502/168 163/503/168 148/504/168
f 156/505/169 170/506/169 171/507/169
f 149/508/170 163/509/170 164/510/170
f 157/511/171 171/512/171 172/513/171
f 150/514/172 164/515/172 165/516/172
f 143/517/173 82/518/173 158/519/173
f 308/520/174 157/521/174 172/522/174
f 150/523/175 166/524/175 151/525/175
f 143/526/176 159/527/176 144/528/176
f 171/529/177 185/530/177 186/531/177
f 164/532/178 178/533/178 179/534/178
f 172/535/179 186/536/179 187/537/179
f 165/538/180 179/539/180 180/540/180
f 158/541/181 82/542/181 173/543/181
f 308/544/182 172/545/182 187/546/182
f 165/547/183 181/548/183 166/549/183
f 158/550/184 174/551/184 159/552/184
f 166/553/185 182/554/185 167/555/185
f 159/556/186 175/557/186 160/558/186
f 168/559/187 182/560/187 183/561/187
f 160/562/188 176/563/188 161/564/188
f 168/565/189 184/566/189 169/567/189
f 162/568/190 176/569/190 177/570/190
f 170/571/191 184/572/191 185/573/191
f 162/574/192 178/575/192 163/576/192
f 175/577/193 189/578/193 190/579/193
f 183/580/194 197/581/194 198/582/194
f 175/583/195 191/584/195 176/585/195
f 183/586/196 199/587/196 184/588/196
f 177/589/197 191/590/197 192/591/197
f 185/592/198 199/593/198 200/594/198
f 177/595/199 193/596/199 178/597/199
f 185/598/200 201/599/200 186/600/200
f 179/601/201 193/602/201 194/603/201
f 186/604/202 202/605/202 187/606/202
f 180/607/203 194/608/203 195/609/203
f 173/610/204 82/611/204 188/612/204
f 308/613/205 187/614/205 202/615/205
f 180/616/206 196/617/206 181/618/206
f 174/619/207 188/620/207 189/621/207
f 181/622/208 197/623/208 182/624/208
f 194/625/209 208/626/209 209/627/209
f 202/628/210 216/629/210 217/630/210
f 195/631/211 209/632/211 210/633/211
f 188/634/212 82/635/212 203/636/212
f 308/637/213 202/638/213 217/639/213
f 195/640/214 211/641/214 196/642/214
f 188/643/215 204/644/215 189/645/215
f 196/646/216 212/647/216 197/648/216
f 189/649/217 205/650/217 190/651/217
f 198/652/218 212/653/218 213/654/218
f 190/655/219 206/656/219 191/657/219
f 198/658/220 214/659/220 199/660/220
f 192/661/221 206/662/221 207/663/221
f 200/664/222 214/665/222 215/666/222
f 192/667/223 208/668/223 193/669/223
f 201/670/224 215/671/224 216/672/224
f 213/673/225 227/674/225 228/675/225
f 205/676/226 221/677/226 206/678/226
f 213/679/227 229/680/227 214/681/227
f 207/682/228 221/683/228 222/684/228
f 215/685/229 229/686/229 230/687/229
f 207/688/230 223/689/230 208/690/230
f 216/691/231 230/692/231 231/693/231
f 209/694/232 223/695/232 224/696/232
f 217/697/233 231/698/233 232/699/233
f 210/700/234 224/701/234 225/702/234
f 203/703/235 82/704/235 218/705/235
f 308/706/236 217/707/236 232/708/236
f 210/709/237 226/710/237 211/711/237
f 203/712/238 219/713/238 204/714/238
f 211/715/239 227/716/239 212/717/239
f 204/718/240 220/719/240 205/720/240
f 231/721/241 247/722/241 232/723/241
f 225/724/242 239/725/242 240/726/242
f 218/727/243 82/728/243 233/729/243
f 308/730/244 232/731/244 247/732/244
f 225/733/245 241/734/245 226/735/245
f 219/736/246 233/737/246 234/738/246
f 226/739/247 242/740/247 227/741/247
f 219/742/248 235/743/248 220/744/248
f 228/745/249 242/746/249 243/747/249
f 220/748/250 236/749/250 221/750/250
f 228/751/251 244/752/251 229/753/251
f 222/754/252 236/755/252 237/756/252
f 230/757/253 244/758/253 245/759/253
f 222/760/254 238/761/254 223/762/254
f 231/763/255 245/764/255 246/765/255
f 224/766/256 238/767/256 239/768/256
f 235/769/257 251/770/257 236/771/257
f 243/772/258 259/773/258 244/774/258
f 237/775/259 251/776/259 252/777/259
f 245/778/260 259/779/260 260/780/260
f 237/781/261 253/782/261 238/783/261
f 245/784/262 261/785/262 246/786/262
f 239/787/263 253/788/263 254/789/263
f 246/790/264 262/791/264 247/792/264
f 240/793/265 254/794/265 255/795/265
f 233/796/266 82/797/266 248/798/266
f 308/799/267 247/800/267 262/801/267
f 240/802/268 256/803/268 241/804/268
f 234/805/269 248/806/269 249/807/269
f 241/808/270 257/809/270 242/810/270
f 235/811/271 249/812/271 250/813/271
f 243/814/272 257/815/272 258/816/272
f 255/817/273 269/818/273 270/819/273
f 248/820/274 82/821/274 263/822/274
f 308/823/275 262/824/275 277/825/275
f 255/826/276 271/827/276 256/828/276
f 249/829/277 263/830/277 264/831/277
f 256/832/278 272/833/278 257/834/278
f 249/835/279 265/836/279 250/837/279
f 258/838/280 272/839/280 273/840/280
f 250/841/281 266/842/281 251/843/281
f 258/844/282 274/845/282 259/846/282
f 252/847/283 266/848/283 267/849/283
f 260/850/284 274/851/284 275/852/284
f 252/853/285 268/854/285 253/855/285
f 261/856/286 275/857/286 276/858/286
f 254/859/287 268/860/287 269/861/287
f 261/862/288 277/863/288 262/864/288
f 273/865/289 289/866/289 274/867/289
f 267/868/290 281/869/290 282/870/290
f 275/871/291 289/872/291 290/873/291
f 267/874/292 283/875/292 268/876/292
f 275/877/293 291/878/293 276/879/293
f 269/880/294 283/881/294 284/882/294
f 276/883/295 292/884/295 277/885/295
f 270/886/296 284/887/296 285/888/296
f 263/889/297 82/890/297 278/891/297
f 308/892/298 277/893/298 292/894/298
f 270/895/299 286/896/299 271/897/299
f 263/898/300 279/899/300 264/900/300
f 271/901/301 287/902/301 272/903/301
f 264/904/302 280/905/302 265/906/302
f 273/907/303 287/908/303 288/909/303
f 265/910/304 281/911/304 266/912/304
f 308/913/305 292/914/305 307/915/305
f 285/916/306 301/917/306 286/918/306
f 278/919/307 294/920/307 279/921/307
f 286/922/308 302/923/308 287/924/308
f 280/925/309 294/926/309 295/927/309
f 288/928/310 302/929/310 303/930/310
f 280/931/311 296/932/311 281/933/311
f 288/934/312 304/935/312 289/936/312
f 282/937/313 296/938/313 297/939/313
f 290/940/314 304/941/314 305/942/314
f 282/943/315 298/944/315 283/945/315
f 290/946/316 306/947/316 291/948/316
f 284/949/317 298/950/317 299/951/317
f 292/952/318 306/953/318 307/954/318
f 285/955/319 299/956/319 300/957/319
f 278/958/320 82/959/320 293/960/320
f 305/961/321 320/962/321 321/963/321
f 297/964/322 314/965/322 298/966/322
f 305/967/323 322/968/323 306/969/323
f 299/970/324 314/971/324 315/972/324
f 306/973/325 323/974/325 307/975/325
f 300/976/326 315/977/326 316/978/326
f 293/979/327 82/980/327 309/981/327
f 308/982/328 307/983/328 323/984/328
f 300/985/329 317/986/329 301/987/329
f 294/988/330 309/989/330 310/990/330
f 301/991/331 318/992/331 302/993/331
f 295/994/332 310/995/332 311/996/332
f 303/997/333 318/998/333 319/999/333
f 295/1000/334 312/1001/334 296/1002/334
f 303/1003/335 320/1004/335 304/1005/335
f 297/1006/336 312/1007/336 313/1008/336
f 309/1009/337 325/1010/337 310/1011/337
f 317/1012/338 333/1013/338 318/1014/338
f 310/1015/339 326/1016/339 311/1017/339
f 319/1018/340 333/1019/340 334/1020/340
f 311/1021/341 327/1022/341 312/1023/341
f 319/1024/342 335/1025/342 320/1026/342
f 313/1027/343 327/1028/343 328/1029/343
f 321/1030/344 335/1031/344 336/1032/344
f 313/1033/345 329/1034/345 314/1035/345
f 321/1036/346 337/1037/346 322/1038/346
f 315/1039/347 329/1040/347 330/1041/347
f 323/1042/348 337/1043/348 338/1044/348
f 316/1045/349 330/1046/349 331/1047/349
f 309/1048/350 82/1049/350 324/1050/350
f 308/1051/351 323/1052/351 338/1053/351
f 316/1054/352 332/1055/352 317/1056/352
f 328/1057/353 344/1058/353 329/1059/353
f 336/1060/354 352/1061/354 337/1062/354
f 330/1063/355 344/1064/355 345/1065/355
f 338/1066/356 352/1067/356 353/1068/356
f 331/1069/357 345/1070/357 346/1071/357
f 324/1072/358 82/1073/358 339/1074/358
f 308/1075/359 338/1076/359 353/1077/359
f 331/1078/360 347/1079/360 332/1080/360
f 324/1081/361 340/1082/361 325/1083/361
f 332/1084/362 348/1085/362 333/1086/362
f 326/1087/363 340/1088/363 341/1089/363
f 334/1090/364 348/1091/364 349/1092/364
f 326/1093/365 342/1094/365 327/1095/365
f 334/1096/366 350/1097/366 335/1098/366
f 328/1099/367 342/1100/367 343/1101/367
f 336/1102/368 350/1103/368 351/1104/368
f 347/1105/369 363/1106/369 348/1107/369
f 341/1108/370 355/1109/370 356/1110/370
f 349/1111/371 363/1112/371 364/1113/371
f 341/1114/372 357/1115/372 342/1116/372
f 349/1117/373 365/1118/373 350/1119/373
f 343/1120/374 357/1121/374 358/1122/374
f 351/1123/375 365/1124/375 366/1125/375
f 343/1126/376 359/1127/376 344/1128/376
f 351/1129/377 367/1130/377 352/1131/377
f 345/1132/378 359/1133/378 360/1134/378
f 353/1135/379 367/1136/379 368/1137/379
f 346/1138/380 360/1139/380 361/1140/380
f 339/1141/381 82/1142/381 354/1143/381
f 308/1144/382 353/1145/382 368/1146/382
f 346/1147/383 362/1148/383 347/1149/383
f 339/1150/384 355/1151/384 340/1152/384
f 366/1153/385 382/1154/385 367/1155/385
f 360/1156/386 374/1157/386 375/1158/386
f 367/1159/387 383/1160/387 368/1161/387
f 361/1162/388 375/1163/388 376/1164/388
f 354/1165/389 82/1166/389 369/1167/389
f 308/1168/390 368/1169/390 383/1170/390
f 361/1171/391 377/1172/391 362/1173/391
f 355/1174/392 369/1175/392 370/1176/392
f 362/1177/393 378/1178/393 363/1179/393
f 356/1180/394 370/1181/394 371/1182/394
f 364/1183/395 378/1184/395 379/1185/395
f 356/1186/396 372/1187/396 357/1188/396
f 364/1189/397 380/1190/397 365/1191/397
f 358/1192/398 372/1193/398 373/1194/398
f 366/1195/399 380/1196/399 381/1197/399
f 358/1198/400 374/1199/400 359/1200/400
f 371/1201/401 385/1202/401 386/1203/401
f 379/1204/402 393/1205/402 394/1206/402
f 371/1207/403 387/1208/403 372/1209/403
f 379/1210/404 395/1211/404 380/1212/404
f 373/1213/405 387/1214/405 388/1215/405
f 381/1216/406 395/1217/406 396/1218/406
f 373/1219/407 389/1220/407 374/1221/407
f 381/1222/408 397/1223/408 382/1224/408
f 375/1225/409 389/1226/409 390/1227/409
f 382/1228/410 398/1229/410 383/1230/410
f 376/1231/411 390/1232/411 391/1233/411
f 369/1234/412 82/1235/412 384/1236/412
f 308/1237/413 383/1238/413 398/1239/413
f 376/1240/414 392/1241/414 377/1242/414
f 370/1243/415 384/1244/415 385/1245/415
f 377/1246/416 393/1247/416 378/1248/416
f 390/1249/417 404/1250/417 405/1251/417
f 398/1252/418 412/1253/418 413/1254/418
f 391/1255/419 405/1256/419 406/1257/419
f 384/1258/420 82/1259/420 399/1260/420
f 308/1261/421 398/1262/421 413/1263/421
f 391/1264/422 407/1265/422 392/1266/422
f 384/1267/423 400/1268/423 385/1269/423
f 392/1270/424 408/1271/424 393/1272/424
f 386/1273/425 400/1274/425 401/1275/425
f 394/1276/426 408/1277/426 409/1278/426
f 386/1279/427 402/1280/427 387/1281/427
f 394/1282/428 410/1283/428 395/1284/428
f 388/1285/429 402/1286/429 403/1287/429
f 396/1288/430 410/1289/430 411/1290/430
f 388/1291/431 404/1292/431 389/1293/431
f 396/1294/432 412/1295/432 397/1296/432
f 409/1297/433 423/1298/433 424/1299/433
f 401/1300/434 417/1301/434 402/1302/434
f 409/1303/435 425/1304/435 410/1305/435
f 403/1306/436 417/1307/436 418/1308/436
f 411/1309/437 425/1310/437 426/1311/437
f 403/1312/438 419/1313/438 404/1314/438
f 411/1315/439 427/1316/439 412/1317/439
f 405/1318/440 419/1319/440 420/1320/440
f 412/1321/441 428/1322/441 413/1323/441
f 406/1324/442 420/1325/442 421/1326/442
f 399/1327/443 82/1328/443 414/1329/443
f 308/1330/444 413/1331/444 428/1332/444
f 406/1333/445 422/1334/445 407/1335/445
f 399/1336/446 415/1337/446 400/1338/446
f 407/1339/447 423/1340/447 408/1341/447
f 401/1342/448 415/1343/448 416/1344/448
f 428/1345/449 442/1346/449 443/1347/449
f 421/1348/450 435/1349/450 436/1350/450
f 414/1351/451 82/1352/451 429/1353/451
f 308/1354/452 428/1355/452 443/1356/452
f 421/1357/453 437/1358/453 422/1359/453
f 414/1360/454 430/1361/454 415/1362/454
f 422/1363/455 438/1364/455 423/1365/455
f 416/1366/456 430/1367/456 431/1368/456
f 424/1369/457 438/1370/457 439/1371/457
f 416/1372/458 432/1373/458 417/1374/458
f 424/1375/459 440/1376/459 425/1377/459
f 418/1378/460 432/1379/460 433/1380/460
f 426/1381/461 440/1382/461 441/1383/461
f 418/1384/462 434/1385/462 419/1386/462
f 426/1387/463 442/1388/463 427/1389/463
f 420/1390/464 434/1391/464 435/1392/464
f 439/1393/465 455/1394/465 440/1395/465
f 433/1396/466 447/1397/466 448/1398/466
f 441/1399/467 455/1400/467 456/1401/467
f 433/1402/468 449/1403/468 434/1404/468
f 441/1405/469 457/1406/469 442/1407/469
f 435/1408/470 449/1409/470 450/1410/470
f 442/1411/471 458/1412/471 443/1413/471
f 436/1414/472 450/1415/472 451/1416/472
f 429/1417/473 82/1418/473 444/1419/473
f 308/1420/474 443/1421/474 458/1422/474
f 436/1423/475 452/1424/475 437/1425/475
f 430/1426/476 444/1427/476 445/1428/476
f 437/1429/477 453/1430/477 438/1431/477
f 431/1432/478 445/1433/478 446/1434/478
f 439/1435/479 453/1436/479 454/1437/479
f 431/1438/480 447/1439/480 432/1440/480
f 444/1441/481 82/1442/481 459/1443/481
f 308/1444/482 458/1445/482 473/1446/482
f 451/1447/483 467/1448/483 452/1449/483
f 444/1450/484 460/1451/484 445/1452/484
f 452/1453/485 468/1454/485 453/1455/485
f 446/1456/486 460/1457/486 461/1458/486
f 454/1459/487 468/1460/487 469/1461/487
f 446/1462/488 462/1463/488 447/1464/488
f 454/1465/489 470/1466/489 455/1467/489
f 448/1468/490 462/1469/490 463/1470/490
f 456/1471/491 470/1472/491 471/1473/491
f 448/1474/492 464/1475/492 449/1476/492
f 456/1477/493 472/1478/493 457/1479/493
f 450/1480/494 464/1481/494 465/1482/494
f 458/1483/495 472/1484/495 473/1485/495
f 451/1486/496 465/1487/496 466/1488/496
f 463/1489/497 476/1490/497 2/1491/497
f 471/1492/498 479/1493/498 480/1494/498
f 464/1495/499 2/1496/499 477/1497/499
f 471/1498/500 481/1499/500 472/1500/500
f 465/1501/501 477/1502/501 3/1503/501
f 472/1504/502 482/1505/502 473/1506/502
f 466/1507/503 3/1508/503 4/1509/503
f 459/1510/504 82/1511/504 474/1512/504
f 308/1513/505 473/1514/505 482/1515/505
f 466/1516/506 5/1517/506 467/1518/506
f 459/1519/507 475/1520/507 460/1521/507
f 467/1522/508 478/1523/508 468/1524/508
f 461/1525/509 475/1526/509 1/1527/509
f 468/1528/510 6/1529/510 469/1530/510
f 462/1531/511 1/1532/511 476/1533/511
f 469/1534/512 479/1535/512 470/1536/512
f 479/1/1 6/1537/1 17/2/1
f 476/4/2 10/1538/2 11/5/2
f 479/7/3 18/1539/3 19/8/3
f 477/10/4 2/1540/4 11/11/4
f 480/13/5 19/1541/5 20/14/5
f 3/16/6 477/1542/6 12/17/6
f 481/19/7 20/1543/7 21/20/7
f 3/22/8 13/1544/8 14/23/8
f 4/31/11 14/1545/11 15/32/11
f 475/34/12 474/1546/12 7/35/12
f 5/37/13 15/1547/13 16/38/13
f 1/40/14 475/1548/14 8/41/14
f 478/43/15 16/1549/15 17/44/15
f 476/46/16 1/1550/16 9/47/16
f 17/49/17 16/1551/17 31/50/17
f 9/52/18 24/1552/18 25/53/18
f 18/55/19 17/1553/19 32/56/19
f 10/58/20 25/1554/20 26/59/20
f 19/61/21 18/1555/21 33/62/21
f 11/64/22 26/1556/22 27/65/22
f 20/67/23 19/1557/23 34/68/23
f 13/70/24 12/1558/24 27/71/24
f 20/73/25 35/1559/25 36/74/25
f 13/76/26 28/1560/26 29/77/26
f 14/85/29 29/1561/29 30/86/29
f 7/88/30 22/1562/30 23/89/30
f 15/91/31 30/1563/31 31/92/31
f 8/94/32 23/1564/32 24/95/32
f 36/97/33 35/1565/33 50/98/33
f 29/100/34 28/1566/34 43/101/34
f 29/109/37 44/1567/37 45/110/37
f 22/112/38 37/1568/38 38/113/38
f 30/115/39 45/1569/39 46/116/39
f 23/118/40 38/1570/40 39/119/40
f 32/121/41 31/1571/41 46/122/41
f 24/124/42 39/1572/42 40/125/42
f 33/127/43 32/1573/43 47/128/43
f 25/130/44 40/1574/44 41/131/44
f 34/133/45 33/1575/45 48/134/45
f 26/136/46 41/1576/46 42/137/46
f 35/139/47 34/1577/47 49/140/47
f 28/142/48 27/1578/48 42/143/48
f 39/145/49 54/1579/49 55/146/49
f 47/148/50 62/1580/50 63/149/50
f 41/151/51 40/1581/51 55/152/51
f 49/154/52 48/1582/52 63/155/52
f 41/157/53 56/1583/53 57/158/53
f 50/160/54 49/1584/54 64/161/54
f 43/163/55 42/1585/55 57/164/55
f 51/166/56 50/1586/56 65/167/56
f 44/169/57 43/1587/57 58/170/57
f 44/178/60 59/1588/60 60/179/60
f 37/181/61 52/1589/61 53/182/61
f 45/184/62 60/1590/62 61/185/62
f 38/187/63 53/1591/63 54/188/63
f 47/190/64 46/1592/64 61/191/64
f 59/193/65 58/1593/65 73/194/65
f 59/202/68 74/1594/68 75/203/68
f 53/205/69 52/1595/69 67/206/69
f 60/208/70 75/1596/70 76/209/70
f 54/211/71 53/1597/71 68/212/71
f 62/214/72 61/1598/72 76/215/72
f 54/217/73 69/1599/73 70/218/73
f 62/220/74 77/1600/74 78/221/74
f 56/223/75 55/1601/75 70/224/75
f 64/226/76 63/1602/76 78/227/76
f 56/229/77 71/1603/77 72/230/77
f 64/232/78 79/1604/78 80/233/78
f 58/235/79 57/1605/79 72/236/79
f 65/238/80 80/1606/80 81/239/80
f 77/241/81 93/1607/81 94/242/81
f 71/244/82 70/1608/82 86/245/82
f 79/247/83 78/1609/83 94/248/83
f 71/250/84 87/1610/84 88/251/84
f 80/253/85 79/1611/85 95/254/85
f 73/256/86 72/1612/86 88/257/86
f 81/259/87 80/1613/87 96/260/87
f 74/262/88 73/1614/88 89/263/88
f 74/271/91 90/1615/91 91/272/91
f 67/274/92 83/1616/92 84/275/92
f 75/277/93 91/1617/93 92/278/93
f 68/280/94 84/1618/94 85/281/94
f 77/283/95 76/1619/95 92/284/95
f 69/286/96 85/1620/96 86/287/96
f 90/295/99 105/1621/99 106/296/99
f 83/298/100 98/1622/100 99/299/100
f 91/301/101 106/1623/101 107/302/101
f 85/304/102 84/1624/102 99/305/102
f 93/307/103 92/1625/103 107/308/103
f 85/310/104 100/1626/104 101/311/104
f 93/313/105 108/1627/105 109/314/105
f 87/316/106 86/1628/106 101/317/106
f 95/319/107 94/1629/107 109/320/107
f 87/322/108 102/1630/108 103/323/108
f 95/325/109 110/1631/109 111/326/109
f 89/328/110 88/1632/110 103/329/110
f 96/331/111 111/1633/111 112/332/111
f 90/334/112 89/1634/112 104/335/112
f 102/337/113 101/1635/113 116/338/113
f 110/340/114 109/1636/114 124/341/114
f 102/343/115 117/1637/115 118/344/115
f 111/346/116 110/1638/116 125/347/116
f 104/349/117 103/1639/117 118/350/117
f 111/352/118 126/1640/118 127/353/118
f 105/355/119 104/1641/119 119/356/119
f 105/364/122 120/1642/122 121/365/122
f 98/367/123 113/1643/123 114/368/123
f 106/370/124 121/1644/124 122/371/124
f 99/373/125 114/1645/125 115/374/125
f 108/376/126 107/1646/126 122/377/126
f 100/379/127 115/1647/127 116/380/127
f 108/382/128 123/1648/128 124/383/128
f 120/385/129 135/1649/129 136/386/129
f 114/388/130 113/1650/130 128/389/130
f 121/391/131 136/1651/131 137/392/131
f 115/394/132 114/1652/132 129/395/132
f 123/397/133 122/1653/133 137/398/133
f 115/400/134 130/1654/134 131/401/134
f 123/403/135 138/1655/135 139/404/135
f 117/406/136 116/1656/136 131/407/136
f 125/409/137 124/1657/137 139/410/137
f 117/412/138 132/1658/138 133/413/138
f 125/415/139 140/1659/139 141/416/139
f 119/418/140 118/1660/140 133/419/140
f 126/421/141 141/1661/141 142/422/141
f 120/424/142 119/1662/142 134/425/142
f 140/433/145 139/1663/145 154/434/145
f 132/436/146 147/1664/146 148/437/146
f 141/439/147 140/1665/147 155/440/147
f 134/442/148 133/1666/148 148/443/148
f 141/445/149 156/1667/149 157/446/149
f 135/448/150 134/1668/150 149/449/150
f 135/457/153 150/1669/153 151/458/153
f 128/460/154 143/1670/154 144/461/154
f 136/463/155 151/1671/155 152/464/155
f 129/466/156 144/1672/156 145/467/156
f 138/469/157 137/1673/157 152/470/157
f 130/472/158 145/1674/158 146/473/158
f 138/475/159 153/1675/159 154/476/159
f 132/478/160 131/1676/160 146/479/160
f 151/481/161 166/1677/161 167/482/161
f 144/484/162 159/1678/162 160/485/162
f 153/487/163 152/1679/163 167/488/163
f 145/490/164 160/1680/164 161/491/164
f 153/493/165 168/1681/165 169/494/165
f 147/496/166 146/1682/166 161/497/166
f 155/499/167 154/1683/167 169/500/167
f 147/502/168 162/1684/168 163/503/168
f 156/505/169 155/1685/169 170/506/169
f 149/508/170 148/1686/170 163/509/170
f 157/511/171 156/1687/171 171/512/171
f 150/514/172 149/1688/172 164/515/172
f 150/523/175 165/1689/175 166/524/175
f 143/526/176 158/1690/176 159/527/176
f 171/529/177 170/1691/177 185/530/177
f 164/532/178 163/1692/178 178/533/178
f 172/535/179 171/1693/179 186/536/179
f 165/538/180 164/1694/180 179/539/180
f 165/547/183 180/1695/183 181/548/183
f 158/550/184 173/1696/184 174/551/184
f 166/553/185 181/1697/185 182/554/185
f 159/556/186 174/1698/186 175/557/186
f 168/559/187 167/1699/187 182/560/187
f 160/562/188 175/1700/188 176/563/188
f 168/565/189 183/1701/189 184/566/189
f 162/568/190 161/1702/190 176/569/190
f 170/571/191 169/1703/191 184/572/191
f 162/574/192 177/1704/192 178/575/192
f 175/577/193 174/1705/193 189/578/193
f 183/580/194 182/1706/194 197/581/194
f 175/583/195 190/1707/195 191/584/195
f 183/586/196 198/1708/196 199/587/196
f 177/589/197 176/1709/197 191/590/197
f 185/592/198 184/1710/198 199/593/198
f 177/595/199 192/1711/199 193/596/199
f 185/598/200 200/1712/200 201/599/200
f 179/601/201 178/1713/201 193/602/201
f 186/604/202 201/1714/202 202/605/202
f 180/607/203 179/1715/203 194/608/203
f 180/616/206 195/1716/206 196/617/206
f 174/619/207 173/1717/207 188/620/207
f 181/622/208 196/1718/208 197/623/208
f 194/625/209 193/1719/209 208/626/209
f 202/628/210 201/1720/210 216/629/210
f 195/631/211 194/1721/211 209/632/211
f 195/640/214 210/1722/214 211/641/214
f 188/643/215 203/1723/215 204/644/215
f 196/646/216 211/1724/216 212/647/216
f 189/649/217 204/1725/217 205/650/217
f 198/652/218 197/1726/218 212/653/218
f 190/655/219 205/1727/219 206/656/219
f 198/658/220 213/1728/220 214/659/220
f 192/661/221 191/1729/221 206/662/221
f 200/664/222 199/1730/222 214/665/222
f 192/667/223 207/1731/223 208/668/223
f 201/670/224 200/1732/224 215/671/224
f 213/673/225 212/1733/225 227/674/225
f 205/676/226 220/1734/226 221/677/226
f 213/679/227 228/1735/227 229/680/227
f 207/682/228 206/1736/228 221/683/228
f 215/685/229 214/1737/229 229/686/229
f 207/688/230 222/1738/230 223/689/230
f 216/691/231 215/1739/231 230/692/231
f 209/694/232 208/1740/232 223/695/232
f 217/697/233 216/1741/233 231/698/233
f 210/700/234 209/1742/234 224/701/234
f 210/709/237 225/1743/237 226/710/237
f 203/712/238 218/1744/238 219/713/238
f 211/715/239 226/1745/239 227/716/239
f 204/718/240 219/1746/240 220/719/240
f 231/721/241 246/1747/241 247/722/241
f 225/724/242 224/1748/242 239/725/242
f 225/733/245 240/1749/245 241/734/245
f 219/736/246 218/1750/246 233/737/246
f 226/739/247 241/1751/247 242/740/247
f 219/742/248 234/1752/248 235/743/248
f 228/745/249 227/1753/249 242/746/249
f 220/748/250 235/1754/250 236/749/250
f 228/751/251 243/1755/251 244/752/251
f 222/754/252 221/1756/252 236/755/252
f 230/757/253 229/1757/253 244/758/253
f 222/760/254 237/1758/254 238/761/254
f 231/763/255 230/1759/255 245/764/255
f 224/766/256 223/1760/256 238/767/256
f 235/769/257 250/1761/257 251/770/257
f 243/772/258 258/1762/258 259/773/258
f 237/775/259 236/1763/259 251/776/259
f 245/778/260 244/1764/260 259/779/260
f 237/781/261 252/1765/261 253/782/261
f 245/784/262 260/1766/262 261/785/262
f 239/787/263 238/1767/263 253/788/263
f 246/790/264 261/1768/264 262/791/264
f 240/793/265 239/1769/265 254/794/265
f 240/802/268 255/1770/268 256/803/268
f 234/805/269 233/1771/269 248/806/269
f 241/808/270 256/1772/270 257/809/270
f 235/811/271 234/1773/271 249/812/271
f 243/814/272 242/1774/272 257/815/272
f 255/817/273 254/1775/273 269/818/273
f 255/826/276 270/1776/276 271/827/276
f 249/829/277 248/1777/277 263/830/277
f 256/832/278 271/1778/278 272/833/278
f 249/835/279 264/1779/279 265/836/279
f 258/838/280 257/1780/280 272/839/280
f 250/841/281 265/1781/281 266/842/281
f 258/844/282 273/1782/282 274/845/282
f 252/847/283 251/1783/283 266/848/283
f 260/850/284 259/1784/284 274/851/284
f 252/853/285 267/1785/285 268/854/285
f 261/856/286 260/1786/286 275/857/286
f 254/859/287 253/1787/287 268/860/287
f 261/862/288 276/1788/288 277/863/288
f 273/865/289 288/1789/289 289/866/289
f 267/868/290 266/1790/290 281/869/290
f 275/871/291 274/1791/291 289/872/291
f 267/874/292 282/1792/292 283/875/292
f 275/877/293 290/1793/293 291/878/293
f 269/880/294 268/1794/294 283/881/294
f 276/883/295 291/1795/295 292/884/295
f 270/886/296 269/1796/296 284/887/296
f 270/895/299 285/1797/299 286/896/299
f 263/898/300 278/1798/300 279/899/300
f 271/901/301 286/1799/301 287/902/301
f 264/904/302 279/1800/302 280/905/302
f 273/907/303 272/1801/303 287/908/303
f 265/910/304 280/1802/304 281/911/304
f 285/916/306 300/1803/306 301/917/306
f 278/919/307 293/1804/307 294/920/307
f 286/922/308 301/1805/308 302/923/308
f 280/925/309 279/1806/309 294/926/309
f 288/928/310 287/1807/310 302/929/310
f 280/931/311 295/1808/311 296/932/311
f 288/934/312 303/1809/312 304/935/312
f 282/937/313 281/1810/313 296/938/313
f 290/940/314 289/1811/314 304/941/314
f 282/943/315 297/1812/315 298/944/315
f 290/946/316 305/1813/316 306/947/316
f 284/949/317 283/1814/317 298/950/317
f 292/952/318 291/1815/318 306/953/318
f 285/955/319 284/1816/319 299/956/319
f 305/961/321 304/1817/321 320/962/321
f 297/964/322 313/1818/322 314/965/322
f 305/967/323 321/1819/323 322/968/323
f 299/970/324 298/1820/324 314/971/324
f 306/973/325 322/1821/325 323/974/325
f 300/976/326 299/1822/326 315/977/326
f 300/985/329 316/1823/329 317/986/329
f 294/988/330 293/1824/330 309/989/330
f 301/991/331 317/1825/331 318/992/331
f 295/994/332 294/1826/332 310/995/332
f 303/997/333 302/1827/333 318/998/333
f 295/1000/334 311/1828/334 312/1001/334
f 303/1003/335 319/1829/335 320/1004/335
f 297/1006/336 296/1830/336 312/1007/336
f 309/1009/337 324/1831/337 325/1010/337
f 317/1012/338 332/1832/338 333/1013/338
f 310/1015/339 325/1833/339 326/1016/339
f 319/1018/340 318/1834/340 333/1019/340
f 311/1021/341 326/1835/341 327/1022/341
f 319/1024/342 334/1836/342 335/1025/342
f 313/1027/343 312/1837/343 327/1028/343
f 321/1030/344 320/1838/344 335/1031/344
f 313/1033/345 328/1839/345 329/1034/345
f 321/1036/346 336/1840/346 337/1037/346
f 315/1039/347 314/1841/347 329/1040/347
f 323/1042/348 322/1842/348 337/1043/348
f 316/1045/349 315/1843/349 330/1046/349
f 316/1054/352 331/1844/352 332/1055/352
f 328/1057/353 343/1845/353 344/1058/353
f 336/1060/354 351/1846/354 352/1061/354
f 330/1063/355 329/1847/355 344/1064/355
f 338/1066/356 337/1848/356 352/1067/356
f 331/1069/357 330/1849/357 345/1070/357
f 331/1078/360 346/1850/360 347/1079/360
f 324/1081/361 339/1851/361 340/1082/361
f 332/1084/362 347/1852/362 348/1085/362
f 326/1087/363 325/1853/363 340/1088/363
f 334/1090/364 333/1854/364 348/1091/364
f 326/1093/365 341/1855/365 342/1094/365
f 334/1096/366 349/1856/366 350/1097/366
f 328/1099/367 327/1857/367 342/1100/367
f 336/1102/368 335/1858/368 350/1103/368
f 347/1105/369 362/1859/369 363/1106/369
f 341/1108/370 340/1860/370 355/1109/370
f 349/1111/371 348/1861/371 363/1112/371
f 341/1114/372 356/1862/372 357/1115/372
f 349/1117/373 364/1863/373 365/1118/373
f 343/1120/374 342/1864/374 357/1121/374
f 351/1123/375 350/1865/375 365/1124/375
f 343/1126/376 358/1866/376 359/1127/376
f 351/1129/377 366/1867/377 367/1130/377
f 345/1132/378 344/1868/378 359/1133/378
f 353/1135/379 352/1869/379 367/1136/379
f 346/1138/380 345/1870/380 360/1139/380
f 346/1147/383 361/1871/383 362/1148/383
f 339/1150/384 354/1872/384 355/1151/384
f 366/1153/385 381/1873/385 382/1154/385
f 360/1156/386 359/1874/386 374/1157/386
f 367/1159/387 382/1875/387 383/1160/387
f 361/1162/388 360/1876/388 375/1163/388
f 361/1171/391 376/1877/391 377/1172/391
f 355/1174/392 354/1878/392 369/1175/392
f 362/1177/393 377/1879/393 378/1178/393
f 356/1180/394 355/1880/394 370/1181/394
f 364/1183/395 363/1881/395 378/1184/395
f 356/1186/396 371/1882/396 372/1187/396
f 364/1189/397 379/1883/397 380/1190/397
f 358/1192/398 357/1884/398 372/1193/398
f 366/1195/399 365/1885/399 380/1196/399
f 358/1198/400 373/1886/400 374/1199/400
f 371/1201/401 370/1887/401 385/1202/401
f 379/1204/402 378/1888/402 393/1205/402
f 371/1207/403 386/1889/403 387/1208/403
f 379/1210/404 394/1890/404 395/1211/404
f 373/1213/405 372/1891/405 387/1214/405
f 381/1216/406 380/1892/406 395/1217/406
f 373/1219/407 388/1893/407 389/1220/407
f 381/1222/408 396/1894/408 397/1223/408
f 375/1225/409 374/1895/409 389/1226/409
f 382/1228/410 397/1896/410 398/1229/410
f 376/1231/411 375/1897/411 390/1232/411
f 376/1240/414 391/1898/414 392/1241/414
f 370/1243/415 369/1899/415 384/1244/415
f 377/1246/416 392/1900/416 393/1247/416
f 390/1249/417 389/1901/417 404/1250/417
f 398/1252/418 397/1902/418 412/1253/418
f 391/1255/419 390/1903/419 405/1256/419
f 391/1264/422 406/1904/422 407/1265/422
f 384/1267/423 399/1905/423 400/1268/423
f 392/1270/424 407/1906/424 408/1271/424
f 386/1273/425 385/1907/425 400/1274/425
f 394/1276/426 393/1908/426 408/1277/426
f 386/1279/427 401/1909/427 402/1280/427
f 394/1282/428 409/1910/428 410/1283/428
f 388/1285/429 387/1911/429 402/1286/429
f 396/1288/430 395/1912/430 410/1289/430
f 388/1291/431 403/1913/431 404/1292/431
f 396/1294/432 411/1914/432 412/1295/432
f 409/1297/433 408/1915/433 423/1298/433
f 401/1300/434 416/1916/434 417/1301/434
f 409/1303/435 424/1917/435 425/1304/435
f 403/1306/436 402/1918/436 417/1307/436
f 411/1309/437 410/1919/437 425/1310/437
f 403/1312/438 418/1920/438 419/1313/438
f 411/1315/439 426/1921/439 427/1316/439
f 405/1318/440 404/1922/440 419/1319/440
f 412/1321/441 427/1923/441 428/1322/441
f 406/1324/442 405/1924/442 420/1325/442
f 406/1333/445 421/1925/445 422/1334/445
f 399/1336/446 414/1926/446 415/1337/446
f 407/1339/447 422/1927/447 423/1340/447
f 401/1342/448 400/1928/448 415/1343/448
f 428/1345/449 427/1929/449 442/1346/449
f 421/1348/450 420/1930/450 435/1349/450
f 421/1357/453 436/1931/453 437/1358/453
f 414/1360/454 429/1932/454 430/1361/454
f 422/1363/455 437/1933/455 438/1364/455
f 416/1366/456 415/1934/456 430/1367/456
f 424/1369/457 423/1935/457 438/1370/457
f 416/1372/458 431/1936/458 432/1373/458
f 424/1375/459 439/1937/459 440/1376/459
f 418/1378/460 417/1938/460 432/1379/460
f 426/1381/461 425/1939/461 440/1382/461
f 418/1384/462 433/1940/462 434/1385/462
f 426/1387/463 441/1941/463 442/1388/463
f 420/1390/464 419/1942/464 434/1391/464
f 439/1393/465 454/1943/465 455/1394/465
f 433/1396/466 432/1944/466 447/1397/466
f 441/1399/467 440/1945/467 455/1400/467
f 433/1402/468 448/1946/468 449/1403/468
f 441/1405/469 456/1947/469 457/1406/469
f 435/1408/470 434/1948/470 449/1409/470
f 442/1411/471 457/1949/471 458/1412/471
f 436/1414/472 435/1950/472 450/1415/472
f 436/1423/475 451/1951/475 452/1424/475
f 430/1426/476 429/1952/476 444/1427/476
f 437/1429/477 452/1953/477 453/1430/477
f 431/1432/478 430/1954/478 445/1433/478
f 439/1435/479 438/1955/479 453/1436/479
f 431/1438/480 446/1956/480 447/1439/480
f 451/1447/483 466/1957/483 467/1448/483
f 444/1450/484 459/1958/484 460/1451/484
f 452/1453/485 467/1959/485 468/1454/485
f 446/1456/486 445/1960/486 460/1457/486
f 454/1459/487 453/1961/487 468/1460/487
f 446/1462/488 461/1962/488 462/1463/488
f 454/1465/489 469/1963/489 470/1466/489
f 448/1468/490 447/1964/490 462/1469/490
f 456/1471/491 455/1965/491 470/1472/491
f 448/1474/492 463/1966/492 464/1475/492
f 456/1477/493 471/1967/493 472/1478/493
f 450/1480/494 449/1968/494 464/1481/494
f 458/1483/495 457/1969/495 472/1484/495
f 451/1486/496 450/1970/496 465/1487/496
f 463/1489/497 462/1971/497 476/1490/497
f 471/1492/498 470/1972/498 479/1493/498
f 464/1495/499 463/1973/499 2/1496/499
f 471/1498/500 480/1974/500 481/1499/500
f 465/1501/501 464/1975/501 477/1502/501
f 472/1504/502 481/1976/502 482/1505/502
f 466/1507/503 465/1977/503 3/1508/503
f 466/1516/506 4/1978/506 5/1517/506
f 459/1519/507 474/1979/507 475/1520/507
f 467/1522/508 5/1980/508 478/1523/508
f 461/1525/509 460/1981/509 475/1526/509
f 468/1528/510 478/1982/510 6/1529/510
f 462/1531/511 461/1983/511 1/1532/511
f 469/1534/512 6/1984/512 479/1535/512
usemtl マテリアル.002
f 483/1985/513 484/1986/513 485/1987/513
f 488/1988/514 487/1989/514 486/1990/514
f 487/1991/515 483/1992/515 486/1993/515
f 488/1994/516 483/1995/516 485/1996/516
f 484/1997/517 488/1998/517 485/1999/517
f 487/1991/515 484/2000/515 483/1992/515
f 488/1994/516 486/2001/516 483/1995/516
f 484/1997/517 487/2002/517 488/1998/517
usemtl マテリアル
f 490/2003/518 496/2004/518 497/2005/518
f 745/2006/519 497/2005/519 498/2007/519
f 491/2008/520 498/2007/520 499/2009/520
f 492/2010/521 499/2009/521 500/2011/521
f 742/2012/522 533/2013/522 493/2014/522
f 743/2015/523 493/2014/523 494/2016/523
f 489/2017/524 494/2016/524 495/2018/524
f 744/2019/525 495/2018/525 496/2004/525
f 495/2018/526 502/2020/526 503/2021/526
f 496/2004/527 503/2021/527 504/2022/527
f 497/2005/528 504/2022/528 505/2023/528
f 498/2007/529 505/2023/529 506/2024/529
f 499/2009/530 506/2024/530 507/2025/530
f 500/2011/531 507/2025/531 508/2026/531
f 493/2014/532 533/2027/532 501/2028/532
f 494/2016/533 501/2028/533 502/2020/533
f 507/2025/534 514/2029/534 515/2030/534
f 508/2026/535 515/2030/535 516/2031/535
f 501/2028/536 533/2032/536 509/2033/536
f 502/2020/537 509/2033/537 510/2034/537
f 503/2021/538 510/2034/538 511/2035/538
f 504/2022/539 511/2035/539 512/2036/539
f 505/2023/540 512/2036/540 513/2037/540
f 506/2024/541 513/2037/541 514/2029/541
f 512/2036/542 519/2038/542 520/2039/542
f 513/2037/543 520/2039/543 521/2040/543
f 514/2029/544 521/2040/544 522/2041/544
f 515/2030/545 522/2041/545 523/2042/545
f 516/2031/546 523/2042/546 524/2043/546
f 509/2033/547 533/2044/547 517/2045/547
f 510/2034/548 517/2045/548 518/2046/548
f 511/2035/549 518/2046/549 519/2038/549
f 524/2043/550 531/2047/550 532/2048/550
f 517/2045/551 533/2049/551 525/2050/551
f 518/2046/552 525/2050/552 526/2051/552
f 519/2038/553 526/2051/553 527/2052/553
f 520/2039/554 527/2052/554 528/2053/554
f 521/2040/555 528/2053/555 529/2054/555
f 522/2041/556 529/2054/556 530/2055/556
f 523/2042/557 530/2055/557 531/2047/557
f 529/2054/558 537/2056/558 538/2057/558
f 530/2055/559 538/2057/559 539/2058/559
f 531/2047/560 539/2058/560 540/2059/560
f 532/2048/561 540/2059/561 541/2060/561
f 525/2050/562 533/2061/562 534/2062/562
f 526/2051/563 534/2062/563 535/2063/563
f 527/2052/564 535/2063/564 536/2064/564
f 528/2053/565 536/2064/565 537/2056/565
f 534/2062/566 533/2065/566 542/2066/566
f 535/2063/567 542/2066/567 543/2067/567
f 536/2064/568 543/2067/568 544/2068/568
f 537/2056/569 544/2068/569 545/2069/569
f 538/2057/570 545/2069/570 546/2070/570
f 539/2058/571 546/2070/571 547/2071/571
f 540/2059/572 547/2071/572 548/2072/572
f 541/2060/573 548/2072/573 549/2073/573
f 546/2070/574 553/2074/574 554/2075/574
f 547/2071/575 554/2075/575 555/2076/575
f 548/2072/576 555/2076/576 556/2077/576
f 549/2073/577 556/2077/577 557/2078/577
f 542/2066/578 533/2079/578 550/2080/578
f 543/2067/579 550/2080/579 551/2081/579
f 544/2068/580 551/2081/580 552/2082/580
f 545/2069/581 552/2082/581 553/2074/581
f 550/2080/582 559/2083/582 551/2081/582
f 551/2081/583 560/2084/583 552/2082/583
f 552/2082/584 561/2085/584 553/2074/584
f 553/2074/585 562/2086/585 554/2075/585
f 554/2075/586 563/2087/586 555/2076/586
f 555/2076/587 564/2088/587 556/2077/587
f 556/2077/588 565/2089/588 557/2078/588
f 550/2080/589 533/2090/589 558/2091/589
f 562/2086/590 571/2092/590 563/2087/590
f 563/2087/591 572/2093/591 564/2088/591
f 564/2088/592 573/2094/592 565/2089/592
f 558/2091/593 533/2095/593 566/2096/593
f 558/2091/594 567/2097/594 559/2083/594
f 559/2083/595 568/2098/595 560/2084/595
f 560/2084/596 569/2099/596 561/2085/596
f 561/2085/597 570/2100/597 562/2086/597
f 566/2096/598 575/2101/598 567/2097/598
f 567/2097/599 576/2102/599 568/2098/599
f 568/2098/600 577/2103/600 569/2099/600
f 569/2099/601 578/2104/601 570/2100/601
f 570/2100/602 579/2105/602 571/2092/602
f 571/2092/603 580/2106/603 572/2093/603
f 572/2093/604 581/2107/604 573/2094/604
f 566/2096/605 533/2108/605 574/2109/605
f 578/2104/606 587/2110/606 579/2105/606
f 579/2105/607 588/2111/607 580/2106/607
f 580/2106/608 589/2112/608 581/2107/608
f 574/2109/609 533/2113/609 582/2114/609
f 574/2109/610 583/2115/610 575/2101/610
f 575/2101/611 584/2116/611 576/2102/611
f 576/2102/612 585/2117/612 577/2103/612
f 577/2103/613 586/2118/613 578/2104/613
f 583/2115/614 592/2119/614 584/2116/614
f 584/2116/615 593/2120/615 585/2117/615
f 585/2117/616 594/2121/616 586/2118/616
f 586/2118/617 595/2122/617 587/2110/617
f 587/2110/618 596/2123/618 588/2111/618
f 588/2111/619 597/2124/619 589/2112/619
f 582/2114/620 533/2125/620 590/2126/620
f 582/2114/621 591/2127/621 583/2115/621
f 595/2122/622 604/2128/622 596/2123/622
f 596/2123/623 605/2129/623 597/2124/623
f 590/2126/624 533/2130/624 598/2131/624
f 590/2126/625 599/2132/625 591/2127/625
f 591/2127/626 600/2133/626 592/2119/626
f 592/2119/627 601/2134/627 593/2120/627
f 593/2120/628 602/2135/628 594/2121/628
f 594/2121/629 603/2136/629 595/2122/629
f 600/2133/630 609/2137/630 601/2134/630
f 601/2134/631 610/2138/631 602/2135/631
f 602/2135/632 611/2139/632 603/2136/632
f 603/2136/633 612/2140/633 604/2128/633
f 604/2128/634 613/2141/634 605/2129/634
f 598/2131/635 533/2142/635 606/2143/635
f 598/2131/636 607/2144/636 599/2132/636
f 599/2132/637 608/2145/637 600/2133/637
f 612/2140/638 621/2146/638 613/2141/638
f 606/2143/639 533/2147/639 614/2148/639
f 606/2143/640 615/2149/640 607/2144/640
f 607/2144/641 616/2150/641 608/2145/641
f 608/2145/642 617/2151/642 609/2137/642
f 609/2137/643 618/2152/643 610/2138/643
f 610/2138/644 619/2153/644 611/2139/644
f 611/2139/645 620/2154/645 612/2140/645
f 617/2155/646 624/2156/646 625/2157/646
f 618/2158/647 625/2157/647 626/2159/647
f 619/2160/648 626/2159/648 627/2161/648
f 620/2162/649 627/2161/649 628/2163/649
f 621/2146/650 628/2163/650 629/2164/650
f 614/2165/651 533/2166/651 622/2167/651
f 615/2168/652 622/2167/652 623/2169/652
f 616/2170/653 623/2169/653 624/2156/653
f 629/2164/654 636/2171/654 637/2172/654
f 622/2167/655 533/2173/655 630/2174/655
f 623/2169/656 630/2174/656 631/2175/656
f 624/2156/657 631/2175/657 632/2176/657
f 625/2157/658 632/2176/658 633/2177/658
f 626/2159/659 633/2177/659 634/2178/659
f 627/2161/660 634/2178/660 635/2179/660
f 628/2163/661 635/2179/661 636/2171/661
f 634/2178/662 641/2180/662 642/2181/662
f 635/2179/663 642/2181/663 643/2182/663
f 636/2171/664 643/2182/664 644/2183/664
f 637/2172/665 644/2183/665 645/2184/665
f 630/2174/666 533/2185/666 638/2186/666
f 631/2175/667 638/2186/667 639/2187/667
f 632/2176/668 639/2187/668 640/2188/668
f 633/2177/669 640/2188/669 641/2180/669
f 638/2186/670 533/2189/670 646/2190/670
f 639/2187/671 646/2190/671 647/2191/671
f 640/2188/672 647/2191/672 648/2192/672
f 641/2180/673 648/2192/673 649/2193/673
f 642/2181/674 649/2193/674 650/2194/674
f 643/2182/675 650/2194/675 651/2195/675
f 644/2183/676 651/2195/676 652/2196/676
f 645/2184/677 652/2196/677 653/2197/677
f 650/2194/678 657/2198/678 658/2199/678
f 651/2195/679 658/2199/679 659/2200/679
f 652/2196/680 659/2200/680 660/2201/680
f 653/2197/681 660/2201/681 661/2202/681
f 646/2190/682 533/2203/682 654/2204/682
f 647/2191/683 654/2204/683 655/2205/683
f 648/2192/684 655/2205/684 656/2206/684
f 649/2193/685 656/2206/685 657/2198/685
f 655/2205/686 662/2207/686 663/2208/686
f 656/2206/687 663/2208/687 664/2209/687
f 657/2198/688 664/2209/688 665/2210/688
f 658/2199/689 665/2210/689 666/2211/689
f 659/2200/690 666/2211/690 667/2212/690
f 660/2201/691 667/2212/691 668/2213/691
f 661/2202/692 668/2213/692 669/2214/692
f 654/2204/693 533/2215/693 662/2207/693
f 667/2212/694 674/2216/694 675/2217/694
f 668/2213/695 675/2217/695 676/2218/695
f 669/2214/696 676/2218/696 677/2219/696
f 662/2207/697 533/2220/697 670/2221/697
f 663/2208/698 670/2221/698 671/2222/698
f 664/2209/699 671/2222/699 672/2223/699
f 665/2210/700 672/2223/700 673/2224/700
f 666/2211/701 673/2224/701 674/2216/701
f 672/2223/702 679/2225/702 680/2226/702
f 673/2224/703 680/2226/703 681/2227/703
f 674/2216/704 681/2227/704 682/2228/704
f 675/2217/705 682/2228/705 683/2229/705
f 676/2218/706 683/2229/706 684/2230/706
f 677/2219/707 684/2230/707 685/2231/707
f 670/2221/708 533/2232/708 678/2233/708
f 671/2222/709 678/2233/709 679/2225/709
f 683/2229/710 692/2234/710 684/2230/710
f 684/2230/711 693/2235/711 685/2231/711
f 678/2233/712 533/2236/712 686/2237/712
f 678/2233/713 687/2238/713 679/2225/713
f 679/2225/714 688/2239/714 680/2226/714
f 680/2226/715 689/2240/715 681/2227/715
f 681/2227/716 690/2241/716 682/2228/716
f 682/2228/717 691/2242/717 683/2229/717
f 687/2238/718 696/2243/718 688/2239/718
f 688/2239/719 697/2244/719 689/2240/719
f 689/2240/720 698/2245/720 690/2241/720
f 690/2241/721 699/2246/721 691/2242/721
f 691/2242/722 700/2247/722 692/2234/722
f 692/2234/723 701/2248/723 693/2235/723
f 686/2237/724 533/2249/724 694/2250/724
f 686/2237/725 695/2251/725 687/2238/725
f 699/2246/726 708/2252/726 700/2247/726
f 700/2247/727 709/2253/727 701/2248/727
f 694/2250/728 533/2254/728 702/2255/728
f 694/2250/729 703/2256/729 695/2251/729
f 695/2251/730 704/2257/730 696/2243/730
f 696/2243/731 705/2258/731 697/2244/731
f 697/2244/732 706/2259/732 698/2245/732
f 698/2245/733 707/2260/733 699/2246/733
f 704/2257/734 713/2261/734 705/2258/734
f 705/2258/735 714/2262/735 706/2259/735
f 706/2259/736 715/2263/736 707/2260/736
f 707/2260/737 716/2264/737 708/2252/737
f 708/2252/738 717/2265/738 709/2253/738
f 702/2255/739 533/2266/739 710/2267/739
f 702/2255/740 711/2268/740 703/2256/740
f 703/2256/741 712/2269/741 704/2257/741
f 716/2264/742 725/2270/742 717/2265/742
f 710/2267/743 533/2271/743 718/2272/743
f 710/2267/744 719/2273/744 711/2268/744
f 711/2268/745 720/2274/745 712/2269/745
f 712/2269/746 721/2275/746 713/2261/746
f 713/2261/747 722/2276/747 714/2262/747
f 714/2262/748 723/2277/748 715/2263/748
f 715/2263/749 724/2278/749 716/2264/749
f 720/2274/750 729/2279/750 721/2275/750
f 721/2275/751 730/2280/751 722/2276/751
f 722/2276/752 731/2281/752 723/2277/752
f 723/2277/753 732/2282/753 724/2278/753
f 724/2278/754 733/2283/754 725/2270/754
f 718/2272/755 533/2284/755 726/2285/755
f 718/2272/756 727/2286/756 719/2273/756
f 719/2273/757 728/2287/757 720/2274/757
f 732/2282/758 741/2288/758 733/2283/758
f 726/2285/759 533/2289/759 734/2290/759
f 726/2285/760 735/2291/760 727/2286/760
f 727/2286/761 736/2292/761 728/2287/761
f 728/2287/762 737/2293/762 729/2279/762
f 729/2279/763 738/2294/763 730/2280/763
f 730/2280/764 739/2295/764 731/2281/764
f 731/2281/765 740/2296/765 732/2282/765
f 737/2293/766 490/2297/766 738/2294/766
f 738/2294/767 745/2298/767 739/2295/767
f 739/2295/768 491/2299/768 740/2296/768
f 740/2296/769 492/2010/769 741/2288/769
f 734/2290/770 533/2300/770 742/2301/770
f 734/2290/771 743/2302/771 735/2291/771
f 735/2291/772 489/2303/772 736/2292/772
f 736/2292/773 744/2304/773 737/2293/773
f 669/2214/774 685/2231/774 701/2248/774
f 490/2003/518 744/2019/518 496/2004/518
f 745/2006/519 490/2003/519 497/2005/519
f 491/2008/520 745/2006/520 498/2007/520
f 492/2010/521 491/2008/521 499/2009/521
f 743/2015/523 742/2012/523 493/2014/523
f 489/2017/524 743/2015/524 494/2016/524
f 744/2019/525 489/2017/525 495/2018/525
f 495/2018/526 494/2016/526 502/2020/526
f 496/2004/527 495/2018/527 503/2021/527
f 497/2005/528 496/2004/528 504/2022/528
f 498/2007/529 497/2005/529 505/2023/529
f 499/2009/530 498/2007/530 506/2024/530
f 500/2011/531 499/2009/531 507/2025/531
f 494/2016/533 493/2014/533 501/2028/533
f 507/2025/534 506/2024/534 514/2029/534
f 508/2026/535 507/2025/535 515/2030/535
f 502/2020/537 501/2028/537 509/2033/537
f 503/2021/538 502/2020/538 510/2034/538
f 504/2022/539 503/2021/539 511/2035/539
f 505/2023/540 504/2022/540 512/2036/540
f 506/2024/541 505/2023/541 513/2037/541
f 512/2036/542 511/2035/542 519/2038/542
f 513/2037/543 512/2036/543 520/2039/543
f 514/2029/544 513/2037/544 521/2040/544
f 515/2030/545 514/2029/545 522/2041/545
f 516/2031/546 515/2030/546 523/2042/546
f 510/2034/548 509/2033/548 517/2045/548
f 511/2035/549 510/2034/549 518/2046/549
f 524/2043/550 523/2042/550 531/2047/550
f 518/2046/552 517/2045/552 525/2050/552
f 519/2038/553 518/2046/553 526/2051/553
f 520/2039/554 519/2038/554 527/2052/554
f 521/2040/555 520/2039/555 528/2053/555
f 522/2041/556 521/2040/556 529/2054/556
f 523/2042/557 522/2041/557 530/2055/557
f 529/2054/558 528/2053/558 537/2056/558
f 530/2055/559 529/2054/559 538/2057/559
f 531/2047/560 530/2055/560 539/2058/560
f 532/2048/561 531/2047/561 540/2059/561
f 526/2051/563 525/2050/563 534/2062/563
f 527/2052/564 526/2051/564 535/2063/564
f 528/2053/565 527/2052/565 536/2064/565
f 535/2063/567 534/2062/567 542/2066/567
f 536/2064/568 535/2063/568 543/2067/568
f 537/2056/569 536/2064/569 544/2068/569
f 538/2057/570 537/2056/570 545/2069/570
f 539/2058/571 538/2057/571 546/2070/571
f 540/2059/572 539/2058/572 547/2071/572
f 541/2060/573 540/2059/573 548/2072/573
f 546/2070/574 545/2069/574 553/2074/574
f 547/2071/575 546/2070/575 554/2075/575
f 548/2072/576 547/2071/576 555/2076/576
f 549/2073/577 548/2072/577 556/2077/577
f 543/2067/579 542/2066/579 550/2080/579
f 544/2068/580 543/2067/580 551/2081/580
f 545/2069/581 544/2068/581 552/2082/581
f 550/2080/582 558/2091/582 559/2083/582
f 551/2081/583 559/2083/583 560/2084/583
f 552/2082/584 560/2084/584 561/2085/584
f 553/2074/585 561/2085/585 562/2086/585
f 554/2075/586 562/2086/586 563/2087/586
f 555/2076/587 563/2087/587 564/2088/587
f 556/2077/588 564/2088/588 565/2089/588
f 562/2086/590 570/2100/590 571/2092/590
f 563/2087/591 571/2092/591 572/2093/591
f 564/2088/592 572/2093/592 573/2094/592
f 558/2091/594 566/2096/594 567/2097/594
f 559/2083/595 567/2097/595 568/2098/595
f 560/2084/596 568/2098/596 569/2099/596
f 561/2085/597 569/2099/597 570/2100/597
f 566/2096/598 574/2109/598 575/2101/598
f 567/2097/599 575/2101/599 576/2102/599
f 568/2098/600 576/2102/600 577/2103/600
f 569/2099/775 577/2103/775 578/2104/775
f 570/2100/602 578/2104/602 579/2105/602
f 571/2092/603 579/2105/603 580/2106/603
f 572/2093/604 580/2106/604 581/2107/604
f 578/2104/606 586/2118/606 587/2110/606
f 579/2105/607 587/2110/607 588/2111/607
f 580/2106/608 588/2111/608 589/2112/608
f 574/2109/610 582/2114/610 583/2115/610
f 575/2101/611 583/2115/611 584/2116/611
f 576/2102/612 584/2116/612 585/2117/612
f 577/2103/613 585/2117/613 586/2118/613
f 583/2115/614 591/2127/614 592/2119/614
f 584/2116/615 592/2119/615 593/2120/615
f 585/2117/616 593/2120/616 594/2121/616
f 586/2118/617 594/2121/617 595/2122/617
f 587/2110/618 595/2122/618 596/2123/618
f 588/2111/619 596/2123/619 597/2124/619
f 582/2114/621 590/2126/621 591/2127/621
f 595/2122/622 603/2136/622 604/2128/622
f 596/2123/623 604/2128/623 605/2129/623
f 590/2126/625 598/2131/625 599/2132/625
f 591/2127/626 599/2132/626 600/2133/626
f 592/2119/627 600/2133/627 601/2134/627
f 593/2120/628 601/2134/628 602/2135/628
f 594/2121/629 602/2135/629 603/2136/629
f 600/2133/630 608/2145/630 609/2137/630
f 601/2134/776 609/2137/776 610/2138/776
f 602/2135/632 610/2138/632 611/2139/632
f 603/2136/633 611/2139/633 612/2140/633
f 604/2128/634 612/2140/634 613/2141/634
f 598/2131/636 606/2143/636 607/2144/636
f 599/2132/637 607/2144/637 608/2145/637
f 612/2140/638 620/2154/638 621/2146/638
f 606/2143/640 614/2148/640 615/2149/640
f 607/2144/641 615/2149/641 616/2150/641
f 608/2145/642 616/2150/642 617/2151/642
f 609/2137/643 617/2151/643 618/2152/643
f 610/2138/644 618/2152/644 619/2153/644
f 611/2139/645 619/2153/645 620/2154/645
f 617/2155/646 616/2170/646 624/2156/646
f 618/2158/647 617/2155/647 625/2157/647
f 619/2160/648 618/2158/648 626/2159/648
f 620/2162/649 619/2160/649 627/2161/649
f 621/2146/650 620/2162/650 628/2163/650
f 615/2168/652 614/2165/652 622/2167/652
f 616/2170/653 615/2168/653 623/2169/653
f 629/2164/654 628/2163/654 636/2171/654
f 623/2169/656 622/2167/656 630/2174/656
f 624/2156/657 623/2169/657 631/2175/657
f 625/2157/658 624/2156/658 632/2176/658
f 626/2159/659 625/2157/659 633/2177/659
f 627/2161/660 626/2159/660 634/2178/660
f 628/2163/661 627/2161/661 635/2179/661
f 634/2178/662 633/2177/662 641/2180/662
f 635/2179/663 634/2178/663 642/2181/663
f 636/2171/664 635/2179/664 643/2182/664
f 637/2172/665 636/2171/665 644/2183/665
f 631/2175/667 630/2174/667 638/2186/667
f 632/2176/668 631/2175/668 639/2187/668
f 633/2177/669 632/2176/669 640/2188/669
f 639/2187/671 638/2186/671 646/2190/671
f 640/2188/672 639/2187/672 647/2191/672
f 641/2180/673 640/2188/673 648/2192/673
f 642/2181/674 641/2180/674 649/2193/674
f 643/2182/675 642/2181/675 650/2194/675
f 644/2183/676 643/2182/676 651/2195/676
f 645/2184/677 644/2183/677 652/2196/677
f 650/2194/678 649/2193/678 657/2198/678
f 651/2195/679 650/2194/679 658/2199/679
f 652/2196/680 651/2195/680 659/2200/680
f 653/2197/681 652/2196/681 660/2201/681
f 647/2191/683 646/2190/683 654/2204/683
f 648/2192/684 647/2191/684 655/2205/684
f 649/2193/685 648/2192/685 656/2206/685
f 655/2205/686 654/2204/686 662/2207/686
f 656/2206/687 655/2205/687 663/2208/687
f 657/2198/688 656/2206/688 664/2209/688
f 658/2199/689 657/2198/689 665/2210/689
f 659/2200/690 658/2199/690 666/2211/690
f 660/2201/691 659/2200/691 667/2212/691
f 661/2202/692 660/2201/692 668/2213/692
f 667/2212/694 666/2211/694 674/2216/694
f 668/2213/695 667/2212/695 675/2217/695
f 669/2214/696 668/2213/696 676/2218/696
f 663/2208/698 662/2207/698 670/2221/698
f 664/2209/699 663/2208/699 671/2222/699
f 665/2210/700 664/2209/700 672/2223/700
f 666/2211/701 665/2210/701 673/2224/701
f 672/2223/702 671/2222/702 679/2225/702
f 673/2224/703 672/2223/703 680/2226/703
f 674/2216/704 673/2224/704 681/2227/704
f 675/2217/705 674/2216/705 682/2228/705
f 676/2218/706 675/2217/706 683/2229/706
f 677/2219/707 676/2218/707 684/2230/707
f 671/2222/709 670/2221/709 678/2233/709
f 683/2229/710 691/2242/710 692/2234/710
f 684/2230/711 692/2234/711 693/2235/711
f 678/2233/713 686/2237/713 687/2238/713
f 679/2225/714 687/2238/714 688/2239/714
f 680/2226/715 688/2239/715 689/2240/715
f 681/2227/716 689/2240/716 690/2241/716
f 682/2228/717 690/2241/717 691/2242/717
f 687/2238/718 695/2251/718 696/2243/718
f 688/2239/719 696/2243/719 697/2244/719
f 689/2240/720 697/2244/720 698/2245/720
f 690/2241/721 698/2245/721 699/2246/721
f 691/2242/722 699/2246/722 700/2247/722
f 692/2234/723 700/2247/723 701/2248/723
f 686/2237/725 694/2250/725 695/2251/725
f 699/2246/726 707/2260/726 708/2252/726
f 700/2247/727 708/2252/727 709/2253/727
f 694/2250/729 702/2255/729 703/2256/729
f 695/2251/730 703/2256/730 704/2257/730
f 696/2243/731 704/2257/731 705/2258/731
f 697/2244/732 705/2258/732 706/2259/732
f 698/2245/733 706/2259/733 707/2260/733
f 704/2257/734 712/2269/734 713/2261/734
f 705/2258/735 713/2261/735 714/2262/735
f 706/2259/736 714/2262/736 715/2263/736
f 707/2260/737 715/2263/737 716/2264/737
f 708/2252/738 716/2264/738 717/2265/738
f 702/2255/740 710/2267/740 711/2268/740
f 703/2256/741 711/2268/741 712/2269/741
f 716/2264/742 724/2278/742 725/2270/742
f 710/2267/744 718/2272/744 719/2273/744
f 711/2268/745 719/2273/745 720/2274/745
f 712/2269/746 720/2274/746 721/2275/746
f 713/2261/747 721/2275/747 722/2276/747
f 714/2262/748 722/2276/748 723/2277/748
f 715/2263/749 723/2277/749 724/2278/749
f 720/2274/750 728/2287/750 729/2279/750
f 721/2275/751 729/2279/751 730/2280/751
f 722/2276/752 730/2280/752 731/2281/752
f 723/2277/753 731/2281/753 732/2282/753
f 724/2278/754 732/2282/754 733/2283/754
f 718/2272/756 726/2285/756 727/2286/756
f 719/2273/757 727/2286/757 728/2287/757
f 732/2282/758 740/2296/758 741/2288/758
f 726/2285/760 734/2290/760 735/2291/760
f 727/2286/761 735/2291/761 736/2292/761
f 728/2287/762 736/2292/762 737/2293/762
f 729/2279/763 737/2293/763 738/2294/763
f 730/2280/764 738/2294/764 739/2295/764
f 731/2281/765 739/2295/765 740/2296/765
f 737/2293/766 744/2304/766 490/2297/766
f 738/2294/767 490/2297/767 745/2298/767
f 739/2295/768 745/2298/768 491/2299/768
f 740/2296/769 491/2299/769 492/2010/769
f 734/2290/771 742/2301/771 743/2302/771
f 735/2291/772 743/2302/772 489/2303/772
f 736/2292/773 489/2303/773 744/2304/773
f 492/2010/774 500/2011/774 621/2146/774
f 500/2011/774 508/2026/774 613/2141/774
f 621/2146/774 500/2011/774 613/2141/774
f 508/2026/774 516/2031/774 605/2129/774
f 516/2031/774 524/2043/774 597/2124/774
f 605/2129/774 516/2031/774 597/2124/774
f 524/2043/774 532/2048/774 589/2112/774
f 532/2048/774 541/2060/774 581/2107/774
f 589/2112/774 532/2048/774 581/2107/774
f 541/2060/774 549/2073/774 557/2078/774
f 557/2078/774 565/2089/774 573/2094/774
f 573/2094/774 581/2107/774 541/2060/774
f 589/2112/774 597/2124/774 524/2043/774
f 605/2129/774 613/2141/774 508/2026/774
f 621/2146/774 629/2164/774 741/2288/774
f 629/2164/774 637/2172/774 733/2283/774
f 637/2172/774 645/2184/774 725/2270/774
f 645/2184/774 653/2197/774 717/2265/774
f 653/2197/774 661/2202/774 717/2265/774
f 661/2202/774 669/2214/774 709/2253/774
f 717/2265/774 661/2202/774 709/2253/774
f 669/2214/774 677/2219/774 685/2231/774
f 685/2231/774 693/2235/774 701/2248/774
f 701/2248/774 709/2253/774 669/2214/774
f 717/2265/774 725/2270/774 645/2184/774
f 725/2270/774 733/2283/774 637/2172/774
f 733/2283/774 741/2288/774 629/2164/774
f 741/2288/774 492/2010/774 621/2146/774
f 541/2060/774 557/2078/774 573/2094/774
usemtl マテリアル.001
f 747/2305/777 748/2306/777 746/2307/777
f 749/2308/778 750/2309/778 748/2310/778
f 751/2311/779 752/2312/779 750/2313/779
f 753/2314/780 754/2315/780 752/2316/780
f 755/2317/781 756/2318/781 754/2319/781
f 757/2320/782 758/2321/782 756/2322/782
f 759/2323/783 760/2324/783 758/2325/783
f 761/2326/784 762/2327/784 760/2328/784
f 763/2329/785 764/2330/785 762/2331/785
f 765/2332/786 766/2333/786 764/2334/786
f 767/2335/787 768/2336/787 766/2337/787
f 769/2338/788 770/2339/788 768/2340/788
f 771/2341/789 772/2342/789 770/2343/789
f 773/2344/790 774/2345/790 772/2346/790
f 775/2347/791 776/2348/791 774/2349/791
f 777/2350/792 778/2351/792 776/2352/792
f 779/2353/793 780/2354/793 778/2355/793
f 781/2356/794 782/2357/794 780/2358/794
f 783/2359/795 784/2360/795 782/2361/795
f 785/2362/796 786/2363/796 784/2364/796
f 787/2365/797 788/2366/797 786/2367/797
f 789/2368/798 790/2369/798 788/2370/798
f 791/2371/799 792/2372/799 790/2373/799
f 793/2374/800 794/2375/800 792/2376/800
f 795/2377/801 796/2378/801 794/2379/801
f 797/2380/802 798/2381/802 796/2382/802
f 799/2383/803 800/2384/803 798/2385/803
f 801/2386/804 802/2387/804 800/2388/804
f 803/2389/805 804/2390/805 802/2391/805
f 805/2392/806 806/2393/806 804/2394/806
f 783/2395/807 767/2396/807 751/2397/807
f 807/2398/808 808/2399/808 806/2400/808
f 809/2401/809 746/2402/809 808/2403/809
f 776/2404/774 792/2405/774 808/2406/774
f 747/2305/777 749/2407/777 748/2306/777
f 749/2308/778 751/2408/778 750/2309/778
f 751/2311/779 753/2409/779 752/2312/779
f 753/2314/780 755/2410/780 754/2315/780
f 755/2317/781 757/2411/781 756/2318/781
f 757/2320/782 759/2412/782 758/2321/782
f 759/2323/783 761/2413/783 760/2324/783
f 761/2326/784 763/2414/784 762/2327/784
f 763/2329/785 765/2415/785 764/2330/785
f 765/2332/786 767/2416/786 766/2333/786
f 767/2335/787 769/2417/787 768/2336/787
f 769/2338/788 771/2418/788 770/2339/788
f 771/2341/789 773/2419/789 772/2342/789
f 773/2344/790 775/2420/790 774/2345/790
f 775/2347/791 777/2421/791 776/2348/791
f 777/2350/792 779/2422/792 778/2351/792
f 779/2353/793 781/2423/793 780/2354/793
f 781/2356/794 783/2424/794 782/2357/794
f 783/2359/795 785/2425/795 784/2360/795
f 785/2362/796 787/2426/796 786/2363/796
f 787/2365/797 789/2427/797 788/2366/797
f 789/2368/798 791/2428/798 790/2369/798
f 791/2371/799 793/2429/799 792/2372/799
f 793/2374/800 795/2430/800 794/2375/800
f 795/2377/801 797/2431/801 796/2378/801
f 797/2380/802 799/2432/802 798/2381/802
f 799/2383/803 801/2433/803 800/2384/803
f 801/2386/804 803/2434/804 802/2387/804
f 803/2389/805 805/2435/805 804/2390/805
f 805/2392/806 807/2436/806 806/2393/806
f 751/2397/807 749/2437/807 747/2438/807
f 747/2438/807 809/2439/807 751/2397/807
f 809/2439/807 807/2440/807 751/2397/807
f 807/2440/807 805/2441/807 803/2442/807
f 803/2442/807 801/2443/807 799/2444/807
f 799/2444/807 797/2445/807 795/2446/807
f 795/2446/807 793/2447/807 799/2444/807
f 793/2447/807 791/2448/807 799/2444/807
f 791/2448/807 789/2449/807 787/2450/807
f 787/2450/807 785/2451/807 783/2395/807
f 783/2395/807 781/2452/807 775/2453/807
f 781/2452/807 779/2454/807 775/2453/807
f 779/2454/807 777/2455/807 775/2453/807
f 775/2453/807 773/2456/807 771/2457/807
f 771/2457/807 769/2458/807 767/2396/807
f 767/2396/807 765/2459/807 759/2460/807
f 765/2459/807 763/2461/807 759/2460/807
f 763/2461/807 761/2462/807 759/2460/807
f 759/2460/807 757/2463/807 755/2464/807
f 755/2464/807 753/2465/807 751/2397/807
f 807/2440/807 803/2442/807 751/2397/807
f 803/2442/807 799/2444/807 751/2397/807
f 791/2448/807 787/2450/807 799/2444/807
f 787/2450/807 783/2395/807 799/2444/807
f 775/2453/807 771/2457/807 783/2395/807
f 771/2457/807 767/2396/807 783/2395/807
f 759/2460/807 755/2464/807 767/2396/807
f 755/2464/807 751/2397/807 767/2396/807
f 751/2397/807 799/2444/807 783/2395/807
f 807/2398/808 809/2466/808 808/2399/808
f 809/2401/809 747/2467/809 746/2402/809
f 808/2406/774 746/2468/774 748/2469/774
f 748/2469/774 750/2470/774 752/2471/774
f 752/2471/774 754/2472/774 756/2473/774
f 756/2473/774 758/2474/774 760/2475/774
f 760/2475/774 762/2476/774 764/2477/774
f 764/2477/774 766/2478/774 768/2479/774
f 768/2479/774 770/2480/774 772/2481/774
f 772/2481/774 774/2482/774 776/2404/774
f 776/2404/774 778/2483/774 780/2484/774
f 780/2484/774 782/2485/774 784/2486/774
f 784/2486/774 786/2487/774 788/2488/774
f 788/2488/774 790/2489/774 792/2405/774
f 792/2405/774 794/2490/774 796/2491/774
f 796/2491/774 798/2492/774 800/2493/774
f 800/2493/774 802/2494/774 804/2495/774
f 804/2495/774 806/2496/774 808/2406/774
f 808/2406/774 748/2469/774 760/2475/774
f 748/2469/774 752/2471/774 760/2475/774
f 752/2471/774 756/2473/774 760/2475/774
f 760/2475/774 764/2477/774 776/2404/774
f 764/2477/774 768/2479/774 776/2404/774
f 768/2479/774 772/2481/774 776/2404/774
f 776/2404/774 780/2484/774 792/2405/774
f 780/2484/774 784/2486/774 792/2405/774
f 784/2486/774 788/2488/774 792/2405/774
f 792/2405/774 796/2491/774 808/2406/774
f 796/2491/774 800/2493/774 808/2406/774
f 800/2493/774 804/2495/774 808/2406/774
f 808/2406/774 760/2475/774 776/2404/774
